LOCATION,SUBJECT,TIME,KG_CAP,THND_TONNE
ARG,BEEF,1990,55.37,2588.922
ARG,BEEF,1991,51.638,2448.667
ARG,BEEF,1992,50.789,2441.882
ARG,BEEF,1993,51.465,2507.867
ARG,BEEF,1994,48.375,2388.224
ARG,BEEF,1995,43.485,2173.938
ARG,BEEF,1996,44.002,2226.499
ARG,BEEF,1997,44.639,2285.148
ARG,BEEF,1998,41.429,2144.908
ARG,BEEF,1999,45.534,2383.908
ARG,BEEF,2000,45.054,2385.107
ARG,BEEF,2001,43.758,2342.406
ARG,BEEF,2002,40.283,2180.404
ARG,BEEF,2003,41.622,2277.857
ARG,BEEF,2004,43.502,2406.804
ARG,BEEF,2005,42.644,2384.758
ARG,BEEF,2006,43.79,2474.66
ARG,BEEF,2007,47.076,2688.04
ARG,BEEF,2008,46.917,2706.544
ARG,BEEF,2009,46.703,2722.017
ARG,BEEF,2010,39.449,2323.126
ARG,BEEF,2011,37.862,2253.107
ARG,BEEF,2012,40.225,2418.998
ARG,BEEF,2013,43.228,2626.92
ARG,BEEF,2014,40.354,2477.756
ARG,BEEF,2015,40.77,2528.688
ARG,BEEF,2016,38.586,2417.0
ARG,BEEF,2017,41.244,2608.531
ARG,BEEF,2018,40.854,2608.317
ARG,BEEF,2019,40.106,2584.342
ARG,BEEF,2020,39.744,2584.313
ARG,BEEF,2021,39.439,2587.349
ARG,BEEF,2022,38.443,2544.058
ARG,BEEF,2023,38.017,2537.404
ARG,BEEF,2024,37.574,2528.883
ARG,BEEF,2025,37.672,2556.277
ARG,BEEF,2026,37.691,2578.177
ARG,PIG,1990,3.661,153.631
ARG,PIG,1991,3.599,153.161
ARG,PIG,1992,4.47,192.864
ARG,PIG,1993,4.831,211.257
ARG,PIG,1994,4.815,213.326
ARG,PIG,1995,5.062,227.095
ARG,PIG,1996,4.865,220.9
ARG,PIG,1997,4.723,217.0
ARG,PIG,1998,5.448,253.12
ARG,PIG,1999,6.118,287.452
ARG,PIG,2000,5.959,283.104
ARG,PIG,2001,4.758,228.557
ARG,PIG,2002,4.42,214.715
ARG,PIG,2003,3.928,192.947
ARG,PIG,2004,4.229,209.955
ARG,PIG,2005,4.794,240.605
ARG,PIG,2006,5.89,298.71
ARG,PIG,2007,6.001,307.536
ARG,PIG,2008,5.888,304.846
ARG,PIG,2009,6.365,332.953
ARG,PIG,2010,6.275,331.633
ARG,PIG,2011,6.529,348.663
ARG,PIG,2012,6.582,355.2
ARG,PIG,2013,7.816,426.242
ARG,PIG,2014,7.962,438.752
ARG,PIG,2015,8.505,473.404
ARG,PIG,2016,8.795,494.4
ARG,PIG,2017,8.809,499.993
ARG,PIG,2018,8.832,506.029
ARG,PIG,2019,8.919,515.746
ARG,PIG,2020,8.976,523.767
ARG,PIG,2021,9.006,530.219
ARG,PIG,2022,9.037,536.711
ARG,PIG,2023,9.091,544.55
ARG,PIG,2024,9.142,552.207
ARG,PIG,2025,9.174,558.691
ARG,PIG,2026,9.217,565.84
ARG,POULTRY,1990,9.083,337.82
ARG,POULTRY,1991,10.42,393.04
ARG,POULTRY,1992,15.325,586.1
ARG,POULTRY,1993,18.42,714.0
ARG,POULTRY,1994,18.502,726.595
ARG,POULTRY,1995,20.198,803.219
ARG,POULTRY,1996,19.133,770.086
ARG,POULTRY,1997,19.93,811.557
ARG,POULTRY,1998,23.185,954.822
ARG,POULTRY,1999,23.042,959.578
ARG,POULTRY,2000,22.153,932.888
ARG,POULTRY,2001,15.51,660.455
ARG,POULTRY,2002,16.205,697.745
ARG,POULTRY,2003,18.978,826.192
ARG,POULTRY,2004,21.236,934.603
ARG,POULTRY,2005,24.319,1081.786
ARG,POULTRY,2006,25.322,1138.32
ARG,POULTRY,2007,27.618,1254.41
ARG,POULTRY,2008,29.179,1338.958
ARG,POULTRY,2009,30.163,1398.41
ARG,POULTRY,2010,33.744,1580.719
ARG,POULTRY,2011,34.811,1647.792
ARG,POULTRY,2012,33.01,1579.03
ARG,POULTRY,2013,32.438,1568.033
ARG,POULTRY,2014,33.194,1621.21
ARG,POULTRY,2015,37.856,1867.7
ARG,POULTRY,2016,37.509,1868.956
ARG,POULTRY,2017,37.508,1887.0
ARG,POULTRY,2018,37.499,1904.412
ARG,POULTRY,2019,37.54,1924.191
ARG,POULTRY,2020,37.747,1952.399
ARG,POULTRY,2021,37.924,1979.083
ARG,POULTRY,2022,38.088,2005.0
ARG,POULTRY,2023,38.047,2020.0
ARG,POULTRY,2024,38.011,2035.0
ARG,POULTRY,2025,37.979,2050.0
ARG,POULTRY,2026,37.951,2065.0
ARG,SHEEP,1991,2.339,88.221
ARG,SHEEP,1992,1.886,72.145
ARG,SHEEP,1993,1.861,72.12
ARG,SHEEP,1994,2.363,92.781
ARG,SHEEP,1995,2.222,88.377
ARG,SHEEP,1996,1.779,71.589
ARG,SHEEP,1997,1.617,65.846
ARG,SHEEP,1998,1.414,58.253
ARG,SHEEP,1999,1.329,55.358
ARG,SHEEP,2000,1.405,59.166
ARG,SHEEP,2001,1.388,59.088
ARG,SHEEP,2002,1.356,58.38
ARG,SHEEP,2003,1.302,56.664
ARG,SHEEP,2004,1.251,55.057
ARG,SHEEP,2005,1.178,52.382
ARG,SHEEP,2006,1.14,51.266
ARG,SHEEP,2007,1.17,53.162
ARG,SHEEP,2008,1.093,50.15
ARG,SHEEP,2009,1.039,48.15
ARG,SHEEP,2010,1.028,48.154
ARG,SHEEP,2011,1.081,51.154
ARG,SHEEP,2012,1.174,56.154
ARG,SHEEP,2013,1.182,57.154
ARG,SHEEP,2014,1.17,57.154
ARG,SHEEP,2015,1.199,59.154
ARG,SHEEP,2016,1.207,60.154
ARG,SHEEP,2017,1.195,60.117
ARG,SHEEP,2018,1.195,60.697
ARG,SHEEP,2019,1.2,61.496
ARG,SHEEP,2020,1.2,62.089
ARG,SHEEP,2021,1.198,62.527
ARG,SHEEP,2022,1.196,62.977
ARG,SHEEP,2023,1.196,63.514
ARG,SHEEP,2024,1.197,64.109
ARG,SHEEP,2025,1.198,64.658
ARG,SHEEP,2026,1.196,65.091
AUS,BEEF,1991,27.722,686.147
AUS,BEEF,1992,26.2,656.427
AUS,BEEF,1993,26.169,663.141
AUS,BEEF,1994,25.456,652.121
AUS,BEEF,1995,25.34,656.123
AUS,BEEF,1996,27.259,713.345
AUS,BEEF,1997,28.803,761.754
AUS,BEEF,1998,26.59,710.694
AUS,BEEF,1999,27.918,754.07
AUS,BEEF,2000,26.355,719.378
AUS,BEEF,2001,24.46,674.71
AUS,BEEF,2002,25.116,700.181
AUS,BEEF,2003,25.812,727.715
AUS,BEEF,2004,28.567,815.597
AUS,BEEF,2005,27.061,783.783
AUS,BEEF,2006,26.925,792.609
AUS,BEEF,2007,24.098,722.101
AUS,BEEF,2008,23.301,711.36
AUS,BEEF,2009,23.432,728.771
AUS,BEEF,2010,25.3,801.045
AUS,BEEF,2011,23.283,749.784
AUS,BEEF,2012,22.427,734.056
AUS,BEEF,2013,23.728,788.813
AUS,BEEF,2014,22.562,761.393
AUS,BEEF,2015,19.699,674.529
AUS,BEEF,2016,22.051,765.78
AUS,BEEF,2017,20.939,737.115
AUS,BEEF,2018,20.483,730.568
AUS,BEEF,2019,20.198,729.57
AUS,BEEF,2020,20.227,739.677
AUS,BEEF,2021,20.13,744.955
AUS,BEEF,2022,19.951,746.925
AUS,BEEF,2023,19.827,750.66
AUS,BEEF,2024,19.669,752.914
AUS,BEEF,2025,19.541,756.061
AUS,BEEF,2026,19.401,758.602
AUS,PIG,1991,14.396,319.783
AUS,PIG,1992,15.129,340.183
AUS,PIG,1993,14.871,338.183
AUS,PIG,1994,15.597,358.568
AUS,PIG,1995,15.505,360.281
AUS,PIG,1996,14.46,339.583
AUS,PIG,1997,14.715,349.262
AUS,PIG,1998,15.166,363.772
AUS,PIG,1999,15.069,365.279
AUS,PIG,2000,15.206,372.505
AUS,PIG,2001,15.208,376.46
AUS,PIG,2002,15.963,399.37
AUS,PIG,2003,17.415,440.616
AUS,PIG,2004,17.703,453.583
AUS,PIG,2005,18.62,483.988
AUS,PIG,2006,17.959,474.445
AUS,PIG,2007,19.68,529.241
AUS,PIG,2008,19.282,528.288
AUS,PIG,2009,19.869,554.575
AUS,PIG,2010,20.157,572.745
AUS,PIG,2011,19.62,567.032
AUS,PIG,2012,20.529,603.02
AUS,PIG,2013,19.987,596.293
AUS,PIG,2014,19.987,605.312
AUS,PIG,2015,21.737,667.964
AUS,PIG,2016,20.496,638.76
AUS,PIG,2017,20.666,652.89
AUS,PIG,2018,20.648,660.919
AUS,PIG,2019,20.673,670.132
AUS,PIG,2020,20.724,680.101
AUS,PIG,2021,20.773,689.897
AUS,PIG,2022,20.795,698.665
AUS,PIG,2023,20.846,708.293
AUS,PIG,2024,20.882,717.348
AUS,PIG,2025,20.933,726.872
AUS,PIG,2026,20.995,736.726
AUS,POULTRY,1990,21.768,422.906
AUS,POULTRY,1991,22.057,434.262
AUS,POULTRY,1992,22.072,439.897
AUS,POULTRY,1993,23.251,468.685
AUS,POULTRY,1994,23.993,488.924
AUS,POULTRY,1995,23.578,485.631
AUS,POULTRY,1996,24.024,500.081
AUS,POULTRY,1997,25.247,531.131
AUS,POULTRY,1998,27.171,577.661
AUS,POULTRY,1999,27.451,589.784
AUS,POULTRY,2000,29.192,633.85
AUS,POULTRY,2001,28.774,631.34
AUS,POULTRY,2002,31.949,708.487
AUS,POULTRY,2003,30.867,692.245
AUS,POULTRY,2004,32.316,733.91
AUS,POULTRY,2005,33.581,773.662
AUS,POULTRY,2006,35.05,820.738
AUS,POULTRY,2007,34.67,826.416
AUS,POULTRY,2008,33.201,806.279
AUS,POULTRY,2009,33.548,829.953
AUS,POULTRY,2010,37.631,947.731
AUS,POULTRY,2011,39.492,1011.634
AUS,POULTRY,2012,40.306,1049.383
AUS,POULTRY,2013,40.134,1061.304
AUS,POULTRY,2014,40.802,1095.27
AUS,POULTRY,2015,41.233,1123.072
AUS,POULTRY,2016,43.587,1204.068
AUS,POULTRY,2017,44.468,1245.183
AUS,POULTRY,2018,45.146,1280.837
AUS,POULTRY,2019,45.533,1308.291
AUS,POULTRY,2020,45.747,1330.691
AUS,POULTRY,2021,45.817,1348.719
AUS,POULTRY,2022,45.975,1369.117
AUS,POULTRY,2023,46.074,1387.583
AUS,POULTRY,2024,46.208,1406.991
AUS,POULTRY,2025,46.306,1425.196
AUS,POULTRY,2026,46.338,1441.237
AUS,SHEEP,1990,18.862,366.451
AUS,SHEEP,1991,19.262,379.246
AUS,SHEEP,1992,17.822,355.184
AUS,SHEEP,1993,17.357,349.865
AUS,SHEEP,1994,18.367,374.265
AUS,SHEEP,1995,15.005,309.057
AUS,SHEEP,1996,14.691,305.815
AUS,SHEEP,1997,14.96,314.725
AUS,SHEEP,1998,15.375,326.886
AUS,SHEEP,1999,15.154,325.594
AUS,SHEEP,2000,16.269,353.24
AUS,SHEEP,2001,14.889,326.689
AUS,SHEEP,2002,13.699,303.789
AUS,SHEEP,2003,12.084,271.012
AUS,SHEEP,2004,11.921,270.734
AUS,SHEEP,2005,11.935,274.981
AUS,SHEEP,2006,12.322,288.541
AUS,SHEEP,2007,12.551,299.166
AUS,SHEEP,2008,10.972,266.457
AUS,SHEEP,2009,10.324,255.413
AUS,SHEEP,2010,8.97,225.907
AUS,SHEEP,2011,8.044,206.07
AUS,SHEEP,2012,8.72,227.034
AUS,SHEEP,2013,8.717,230.507
AUS,SHEEP,2014,8.107,217.634
AUS,SHEEP,2015,9.332,254.168
AUS,SHEEP,2016,8.55,236.197
AUS,SHEEP,2017,8.538,239.078
AUS,SHEEP,2018,8.722,247.439
AUS,SHEEP,2019,8.704,250.081
AUS,SHEEP,2020,8.671,252.211
AUS,SHEEP,2021,8.643,254.435
AUS,SHEEP,2022,8.607,256.306
AUS,SHEEP,2023,8.575,258.252
AUS,SHEEP,2024,8.547,260.249
AUS,SHEEP,2025,8.525,262.394
AUS,SHEEP,2026,8.58,266.861
BGD,BEEF,1990,0.951,144.0
BGD,BEEF,1991,0.922,143.0
BGD,BEEF,1992,0.915,145.0
BGD,BEEF,1993,0.907,147.0
BGD,BEEF,1994,0.906,150.0
BGD,BEEF,1995,0.893,151.0
BGD,BEEF,1996,0.903,156.0
BGD,BEEF,1997,0.957,169.0
BGD,BEEF,1998,0.91,164.0
BGD,BEEF,1999,0.946,174.0
BGD,BEEF,2000,0.938,176.0
BGD,BEEF,2001,0.931,178.0
BGD,BEEF,2002,0.935,182.0
BGD,BEEF,2003,0.929,184.0
BGD,BEEF,2004,0.924,186.0
BGD,BEEF,2005,0.921,188.0
BGD,BEEF,2006,0.913,189.0
BGD,BEEF,2007,0.912,191.0
BGD,BEEF,2008,0.911,193.0
BGD,BEEF,2009,0.906,194.0
BGD,BEEF,2010,0.905,196.0
BGD,BEEF,2011,0.917,201.0
BGD,BEEF,2012,0.897,199.0
BGD,BEEF,2013,0.891,200.0
BGD,BEEF,2014,0.884,201.0
BGD,BEEF,2015,0.887,204.0
BGD,BEEF,2016,0.877,204.0
BGD,BEEF,2017,0.867,204.101
BGD,BEEF,2018,0.845,201.229
BGD,BEEF,2019,0.832,200.364
BGD,BEEF,2020,0.833,202.953
BGD,BEEF,2021,0.842,207.256
BGD,BEEF,2022,0.852,211.841
BGD,BEEF,2023,0.85,213.324
BGD,BEEF,2024,0.843,213.723
BGD,BEEF,2025,0.827,211.628
BGD,BEEF,2026,0.813,209.765
BGD,PIG,1990,0.0,0.0
BGD,PIG,1991,0.0,0.0
BGD,PIG,1992,0.0,0.0
BGD,PIG,1993,0.0,0.0
BGD,PIG,1994,0.0,0.0
BGD,PIG,1995,0.0,0.0
BGD,PIG,1996,0.0,0.0
BGD,PIG,1997,0.0,0.0
BGD,PIG,1998,0.0,0.0
BGD,PIG,1999,0.0,0.0
BGD,PIG,2000,0.0,0.0
BGD,PIG,2001,0.0,0.0
BGD,PIG,2002,0.0,0.0
BGD,PIG,2003,0.0,0.0
BGD,PIG,2004,0.0,0.0
BGD,PIG,2005,0.0,0.0
BGD,PIG,2006,0.0,0.0
BGD,PIG,2007,0.0,0.0
BGD,PIG,2008,0.0,0.0
BGD,PIG,2009,0.0,0.0
BGD,PIG,2010,0.0,0.0
BGD,PIG,2011,0.0,0.0
BGD,PIG,2012,0.0,0.0
BGD,PIG,2013,0.0,0.0
BGD,PIG,2014,0.0,0.0
BGD,PIG,2015,0.0,0.0
BGD,PIG,2016,0.0,0.0
BGD,PIG,2017,0.0,0.001
BGD,PIG,2018,0.0,0.001
BGD,PIG,2019,0.0,0.001
BGD,PIG,2020,0.0,0.001
BGD,PIG,2021,0.0,0.001
BGD,PIG,2022,0.0,0.001
BGD,PIG,2023,0.0,0.001
BGD,PIG,2024,0.0,0.001
BGD,PIG,2025,0.0,0.001
BGD,PIG,2026,0.0,0.001
BGD,POULTRY,1990,0.664,80.0
BGD,POULTRY,1991,0.673,83.0
BGD,POULTRY,1992,0.69,87.0
BGD,POULTRY,1993,0.729,94.0
BGD,POULTRY,1994,0.744,98.0
BGD,POULTRY,1995,0.765,103.0
BGD,POULTRY,1996,0.858,118.0
BGD,POULTRY,1997,0.883,124.0
BGD,POULTRY,1998,0.767,110.0
BGD,POULTRY,1999,0.766,112.0
BGD,POULTRY,2000,0.751,112.0
BGD,POULTRY,2001,0.737,112.0
BGD,POULTRY,2002,0.743,115.0
BGD,POULTRY,2003,0.863,136.0
BGD,POULTRY,2004,0.887,142.0
BGD,POULTRY,2005,0.93,151.0
BGD,POULTRY,2006,1.088,179.0
BGD,POULTRY,2007,1.135,189.0
BGD,POULTRY,2008,1.128,190.0
BGD,POULTRY,2009,1.162,198.0
BGD,POULTRY,2010,1.178,203.0
BGD,POULTRY,2011,1.193,208.0
BGD,POULTRY,2012,1.23,217.0
BGD,POULTRY,2013,1.232,220.0
BGD,POULTRY,2014,1.223,221.0
BGD,POULTRY,2015,1.224,224.0
BGD,POULTRY,2016,1.221,226.0
BGD,POULTRY,2017,1.232,230.746
BGD,POULTRY,2018,1.252,237.217
BGD,POULTRY,2019,1.275,244.389
BGD,POULTRY,2020,1.3,251.874
BGD,POULTRY,2021,1.324,259.216
BGD,POULTRY,2022,1.354,267.694
BGD,POULTRY,2023,1.377,275.0
BGD,POULTRY,2024,1.41,284.363
BGD,POULTRY,2025,1.441,293.187
BGD,POULTRY,2026,1.435,294.598
BGD,SHEEP,1990,0.623,75.0
BGD,SHEEP,1991,0.657,81.0
BGD,SHEEP,1992,0.69,87.0
BGD,SHEEP,1993,0.729,94.0
BGD,SHEEP,1994,0.759,100.0
BGD,SHEEP,1995,0.795,107.0
BGD,SHEEP,1996,0.866,119.0
BGD,SHEEP,1997,0.897,126.0
BGD,SHEEP,1998,0.914,131.0
BGD,SHEEP,1999,0.889,130.0
BGD,SHEEP,2000,0.885,132.0
BGD,SHEEP,2001,0.875,133.0
BGD,SHEEP,2002,0.904,140.0
BGD,SHEEP,2003,0.952,150.0
BGD,SHEEP,2004,1.025,164.0
BGD,SHEEP,2005,1.059,172.0
BGD,SHEEP,2006,1.009,166.0
BGD,SHEEP,2007,1.033,172.0
BGD,SHEEP,2008,1.063,179.0
BGD,SHEEP,2009,1.098,187.0
BGD,SHEEP,2010,1.132,195.0
BGD,SHEEP,2011,1.164,203.0
BGD,SHEEP,2012,1.156,204.0
BGD,SHEEP,2013,1.165,208.0
BGD,SHEEP,2014,1.162,210.0
BGD,SHEEP,2015,1.164,213.0
BGD,SHEEP,2016,1.167,216.0
BGD,SHEEP,2017,1.191,223.171
BGD,SHEEP,2018,1.216,230.309
BGD,SHEEP,2019,1.239,237.497
BGD,SHEEP,2020,1.263,244.723
BGD,SHEEP,2021,1.287,251.891
BGD,SHEEP,2022,1.31,259.044
BGD,SHEEP,2023,1.333,266.222
BGD,SHEEP,2024,1.356,273.417
BGD,SHEEP,2025,1.379,280.627
BGD,SHEEP,2026,1.402,287.803
BRA,BEEF,1990,19.276,4141.416
BRA,BEEF,1991,19.361,4229.385
BRA,BEEF,1992,18.834,4180.58
BRA,BEEF,1993,18.971,4276.861
BRA,BEEF,1994,21.128,4837.156
BRA,BEEF,1995,23.102,5371.293
BRA,BEEF,1996,25.418,6002.3
BRA,BEEF,1997,23.806,5709.9
BRA,BEEF,1998,23.666,5764.844
BRA,BEEF,1999,23.333,5771.587
BRA,BEEF,2000,24.499,6152.217
BRA,BEEF,2001,23.859,6081.182
BRA,BEEF,2002,24.655,6376.586
BRA,BEEF,2003,24.596,6452.139
BRA,BEEF,2004,24.602,6541.123
BRA,BEEF,2005,23.781,6403.087
BRA,BEEF,2006,23.434,6384.147
BRA,BEEF,2007,25.093,6910.679
BRA,BEEF,2008,25.243,7023.612
BRA,BEEF,2009,26.498,7445.871
BRA,BEEF,2010,25.05,7107.655
BRA,BEEF,2011,24.525,7025.239
BRA,BEEF,2012,24.714,7145.809
BRA,BEEF,2013,26.248,7659.073
BRA,BEEF,2014,26.464,7791.042
BRA,BEEF,2015,25.605,7602.829
BRA,BEEF,2016,25.661,7682.369
BRA,BEEF,2017,26.468,7987.27
BRA,BEEF,2018,26.417,8033.592
BRA,BEEF,2019,26.113,8000.275
BRA,BEEF,2020,26.003,8023.558
BRA,BEEF,2021,26.136,8120.476
BRA,BEEF,2022,26.214,8198.758
BRA,BEEF,2023,26.161,8234.509
BRA,BEEF,2024,26.032,8243.995
BRA,BEEF,2025,26.02,8288.432
BRA,BEEF,2026,26.173,8383.558
BRA,PIG,1990,5.394,1040.0
BRA,PIG,1991,5.58,1094.0
BRA,PIG,1992,5.733,1142.0
BRA,PIG,1993,5.857,1185.0
BRA,PIG,1994,6.274,1289.0
BRA,PIG,1995,6.729,1404.051
BRA,PIG,1996,7.291,1545.265
BRA,PIG,1997,6.827,1469.543
BRA,PIG,1998,7.223,1578.977
BRA,PIG,1999,7.541,1674.092
BRA,PIG,2000,10.736,2419.495
BRA,PIG,2001,10.845,2480.695
BRA,PIG,2002,10.309,2392.712
BRA,PIG,2003,9.356,2202.664
BRA,PIG,2004,8.862,2114.54
BRA,PIG,2005,8.633,2086.004
BRA,PIG,2006,9.915,2424.14
BRA,PIG,2007,9.717,2401.702
BRA,PIG,2008,10.04,2507.14
BRA,PIG,2009,10.28,2592.322
BRA,PIG,2010,10.635,2707.924
BRA,PIG,2011,11.254,2893.114
BRA,PIG,2012,11.27,2924.412
BRA,PIG,2013,11.176,2926.697
BRA,PIG,2014,11.689,3088.327
BRA,PIG,2015,11.226,2991.312
BRA,PIG,2016,11.528,3097.381
BRA,PIG,2017,11.845,3207.953
BRA,PIG,2018,12.116,3306.605
BRA,PIG,2019,12.474,3429.612
BRA,PIG,2020,12.66,3505.727
BRA,PIG,2021,12.82,3574.716
BRA,PIG,2022,13.004,3649.959
BRA,PIG,2023,13.318,3761.963
BRA,PIG,2024,13.412,3811.781
BRA,PIG,2025,13.456,3846.587
BRA,PIG,2026,13.577,3902.801
BRA,POULTRY,1990,12.036,2056.957
BRA,POULTRY,1991,13.271,2306.074
BRA,POULTRY,1992,14.166,2501.3
BRA,POULTRY,1993,15.203,2726.412
BRA,POULTRY,1994,16.171,2945.021
BRA,POULTRY,1995,19.561,3617.774
BRA,POULTRY,1996,18.546,3483.683
BRA,POULTRY,1997,21.256,4055.37
BRA,POULTRY,1998,22.324,4325.613
BRA,POULTRY,1999,24.593,4838.958
BRA,POULTRY,2000,25.803,5154.392
BRA,POULTRY,2001,27.452,5565.904
BRA,POULTRY,2002,29.274,6022.67
BRA,POULTRY,2003,28.014,5845.56
BRA,POULTRY,2004,28.923,6117.181
BRA,POULTRY,2005,31.287,6701.162
BRA,POULTRY,2006,31.557,6838.43
BRA,POULTRY,2007,33.89,7424.368
BRA,POULTRY,2008,35.708,7903.22
BRA,POULTRY,2009,35.283,7886.656
BRA,POULTRY,2010,39.269,8862.996
BRA,POULTRY,2011,40.725,9279.524
BRA,POULTRY,2012,39.907,9178.783
BRA,POULTRY,2013,37.801,8774.206
BRA,POULTRY,2014,37.955,8888.243
BRA,POULTRY,2015,39.363,9297.2
BRA,POULTRY,2016,39.6,9430.556
BRA,POULTRY,2017,39.905,9579.061
BRA,POULTRY,2018,39.896,9650.863
BRA,POULTRY,2019,40.048,9759.879
BRA,POULTRY,2020,40.011,9820.779
BRA,POULTRY,2021,39.83,9843.907
BRA,POULTRY,2022,39.881,9921.987
BRA,POULTRY,2023,39.879,9984.933
BRA,POULTRY,2024,39.952,10064.198
BRA,POULTRY,2025,39.973,10128.442
BRA,POULTRY,2026,39.823,10146.724
BRA,SHEEP,1990,0.669,114.286
BRA,SHEEP,1991,0.667,115.835
BRA,SHEEP,1992,0.662,116.975
BRA,SHEEP,1993,0.676,121.239
BRA,SHEEP,1994,0.649,118.18
BRA,SHEEP,1995,0.694,128.276
BRA,SHEEP,1996,0.541,101.57
BRA,SHEEP,1997,0.563,107.331
BRA,SHEEP,1998,0.391,75.7
BRA,SHEEP,1999,0.391,76.891
BRA,SHEEP,2000,0.407,81.242
BRA,SHEEP,2001,0.374,75.882
BRA,SHEEP,2002,0.348,71.672
BRA,SHEEP,2003,0.344,71.875
BRA,SHEEP,2004,0.374,79.067
BRA,SHEEP,2005,0.376,80.519
BRA,SHEEP,2006,0.388,84.026
BRA,SHEEP,2007,0.414,90.763
BRA,SHEEP,2008,0.387,85.675
BRA,SHEEP,2009,0.412,92.024
BRA,SHEEP,2010,0.401,90.541
BRA,SHEEP,2011,0.395,89.979
BRA,SHEEP,2012,0.401,92.131
BRA,SHEEP,2013,0.408,94.597
BRA,SHEEP,2014,0.408,95.461
BRA,SHEEP,2015,0.388,91.703
BRA,SHEEP,2016,0.389,92.669
BRA,SHEEP,2017,0.386,92.734
BRA,SHEEP,2018,0.384,92.799
BRA,SHEEP,2019,0.381,92.865
BRA,SHEEP,2020,0.379,92.93
BRA,SHEEP,2021,0.376,92.995
BRA,SHEEP,2022,0.374,93.047
BRA,SHEEP,2023,0.372,93.068
BRA,SHEEP,2024,0.37,93.141
BRA,SHEEP,2025,0.368,93.214
BRA,SHEEP,2026,0.362,92.199
CAN,BEEF,1990,24.892,983.68
CAN,BEEF,1991,24.347,974.36
CAN,BEEF,1992,23.721,960.85
CAN,BEEF,1993,22.699,930.05
CAN,BEEF,1994,23.118,957.6
CAN,BEEF,1995,23.201,971.12
CAN,BEEF,1996,22.945,969.93
CAN,BEEF,1997,23.007,981.77
CAN,BEEF,1998,23.284,1002.7
CAN,BEEF,1999,23.708,1030.28
CAN,BEEF,2000,23.324,1022.99
CAN,BEEF,2001,22.419,992.56
CAN,BEEF,2002,22.336,998.37
CAN,BEEF,2003,23.574,1064.09
CAN,BEEF,2004,22.637,1032.22
CAN,BEEF,2005,21.931,1010.612
CAN,BEEF,2006,21.662,1009.172
CAN,BEEF,2007,22.111,1041.813
CAN,BEEF,2008,21.457,1022.674
CAN,BEEF,2009,20.434,985.09
CAN,BEEF,2010,20.204,984.96
CAN,BEEF,2011,19.714,971.61
CAN,BEEF,2012,19.822,987.352
CAN,BEEF,2013,19.572,985.029
CAN,BEEF,2014,18.114,920.9
CAN,BEEF,2015,16.68,856.407
CAN,BEEF,2016,17.369,900.376
CAN,BEEF,2017,18.358,960.563
CAN,BEEF,2018,18.202,961.038
CAN,BEEF,2019,18.297,974.517
CAN,BEEF,2020,18.496,993.465
CAN,BEEF,2021,18.454,999.342
CAN,BEEF,2022,18.427,1005.758
CAN,BEEF,2023,18.446,1014.485
CAN,BEEF,2024,18.39,1018.904
CAN,BEEF,2025,18.293,1020.901
CAN,BEEF,2026,18.004,1011.914
CAN,PIG,1990,20.506,727.255
CAN,PIG,1991,20.276,728.207
CAN,PIG,1992,22.24,808.46
CAN,PIG,1993,21.648,796.018
CAN,PIG,1994,22.264,827.632
CAN,PIG,1995,21.793,818.604
CAN,PIG,1996,20.386,773.374
CAN,PIG,1997,19.949,763.96
CAN,PIG,1998,22.503,869.679
CAN,PIG,1999,23.578,919.533
CAN,PIG,2000,22.494,885.382
CAN,PIG,2001,22.723,902.857
CAN,PIG,2002,21.874,877.462
CAN,PIG,2003,19.743,799.766
CAN,PIG,2004,20.938,856.796
CAN,PIG,2005,18.096,748.344
CAN,PIG,2006,18.399,769.274
CAN,PIG,2007,19.664,831.488
CAN,PIG,2008,18.687,799.289
CAN,PIG,2009,18.481,799.596
CAN,PIG,2010,17.295,756.678
CAN,PIG,2011,16.767,741.624
CAN,PIG,2012,17.462,780.581
CAN,PIG,2013,16.375,739.609
CAN,PIG,2014,16.173,737.888
CAN,PIG,2015,17.736,817.197
CAN,PIG,2016,16.947,788.394
CAN,PIG,2017,15.857,744.58
CAN,PIG,2018,15.401,729.736
CAN,PIG,2019,16.734,799.869
CAN,PIG,2020,16.492,795.001
CAN,PIG,2021,15.994,777.293
CAN,PIG,2022,15.291,749.018
CAN,PIG,2023,15.56,767.997
CAN,PIG,2024,16.408,815.859
CAN,PIG,2025,16.178,810.281
CAN,PIG,2026,16.193,816.767
CAN,POULTRY,1990,25.865,813.062
CAN,POULTRY,1991,25.832,822.331
CAN,POULTRY,1992,25.858,833.158
CAN,POULTRY,1993,26.399,860.385
CAN,POULTRY,1994,28.034,923.704
CAN,POULTRY,1995,27.789,925.217
CAN,POULTRY,1996,27.616,928.621
CAN,POULTRY,1997,28.048,952.084
CAN,POULTRY,1998,28.606,979.938
CAN,POULTRY,1999,29.8,1030.14
CAN,POULTRY,2000,31.216,1089.097
CAN,POULTRY,2001,32.325,1138.405
CAN,POULTRY,2002,32.615,1159.637
CAN,POULTRY,2003,32.751,1175.942
CAN,POULTRY,2004,32.919,1194.016
CAN,POULTRY,2005,33.129,1214.347
CAN,POULTRY,2006,33.462,1240.034
CAN,POULTRY,2007,33.593,1259.047
CAN,POULTRY,2008,33.758,1279.845
CAN,POULTRY,2009,33.251,1275.123
CAN,POULTRY,2010,32.855,1274.124
CAN,POULTRY,2011,31.829,1247.834
CAN,POULTRY,2012,31.543,1249.816
CAN,POULTRY,2013,31.885,1276.49
CAN,POULTRY,2014,32.686,1321.85
CAN,POULTRY,2015,34.107,1392.94
CAN,POULTRY,2016,34.817,1435.654
CAN,POULTRY,2017,34.891,1452.194
CAN,POULTRY,2018,34.669,1456.02
CAN,POULTRY,2019,34.759,1472.649
CAN,POULTRY,2020,34.738,1484.23
CAN,POULTRY,2021,34.794,1498.796
CAN,POULTRY,2022,34.864,1513.665
CAN,POULTRY,2023,35.051,1533.434
CAN,POULTRY,2024,35.263,1554.164
CAN,POULTRY,2025,35.396,1571.342
CAN,POULTRY,2026,35.521,1588.071
CAN,SHEEP,1990,0.73,22.96
CAN,SHEEP,1991,0.764,24.33
CAN,SHEEP,1992,0.741,23.88
CAN,SHEEP,1993,0.752,24.52
CAN,SHEEP,1994,0.723,23.83
CAN,SHEEP,1995,0.713,23.75
CAN,SHEEP,1996,0.664,22.33
CAN,SHEEP,1997,0.652,22.13
CAN,SHEEP,1998,0.73,25.01
CAN,SHEEP,1999,0.754,26.06
CAN,SHEEP,2000,0.83,28.95
CAN,SHEEP,2001,0.911,32.09
CAN,SHEEP,2002,0.91,32.37
CAN,SHEEP,2003,0.953,34.2
CAN,SHEEP,2004,0.974,35.32
CAN,SHEEP,2005,0.983,36.03
CAN,SHEEP,2006,1.066,39.52
CAN,SHEEP,2007,1.071,40.14
CAN,SHEEP,2008,1.025,38.85
CAN,SHEEP,2009,1.013,38.86
CAN,SHEEP,2010,0.954,37.01
CAN,SHEEP,2011,0.933,36.56
CAN,SHEEP,2012,0.849,33.63
CAN,SHEEP,2013,0.879,35.21
CAN,SHEEP,2014,0.924,37.37
CAN,SHEEP,2015,0.91,37.16
CAN,SHEEP,2016,0.93,38.353
CAN,SHEEP,2017,0.886,36.858
CAN,SHEEP,2018,0.881,37.018
CAN,SHEEP,2019,0.882,37.387
CAN,SHEEP,2020,0.875,37.387
CAN,SHEEP,2021,0.868,37.403
CAN,SHEEP,2022,0.861,37.389
CAN,SHEEP,2023,0.855,37.399
CAN,SHEEP,2024,0.848,37.393
CAN,SHEEP,2025,0.854,37.931
CAN,SHEEP,2026,0.852,38.102
CHE,BEEF,1990,,173.0
CHE,BEEF,1991,,178.0
CHE,BEEF,1992,,176.0
CHE,BEEF,1993,,171.0
CHE,BEEF,1994,,157.0
CHE,BEEF,1995,,156.0
CHE,BEEF,1996,,157.0
CHE,BEEF,1997,,159.0
CHE,BEEF,1998,,158.0
CHE,BEEF,1999,,156.472
CHE,BEEF,2000,,145.939
CHE,BEEF,2001,,145.831
CHE,BEEF,2002,,146.587
CHE,BEEF,2003,,149.728
CHE,BEEF,2004,,149.89
CHE,BEEF,2005,,152.274
CHE,BEEF,2006,,156.941
CHE,BEEF,2007,,155.932
CHE,BEEF,2008,,163.372
CHE,BEEF,2009,,163.571
CHE,BEEF,2010,,170.866
CHE,BEEF,2011,,173.926
CHE,BEEF,2012,,169.251
CHE,BEEF,2013,,175.934
CHE,BEEF,2014,,177.187
CHE,BEEF,2015,,175.244
CHE,BEEF,2016,,171.292
CHE,BEEF,2017,,176.02
CHE,BEEF,2018,,176.141
CHE,BEEF,2019,,177.334
CHE,BEEF,2020,,178.007
CHE,BEEF,2021,,178.663
CHE,BEEF,2022,,179.298
CHE,BEEF,2023,,180.416
CHE,BEEF,2024,,181.521
CHE,BEEF,2025,,182.292
CHE,BEEF,2026,,183.303
CHE,PIG,1990,,273.0
CHE,PIG,1991,,269.0
CHE,PIG,1992,,268.0
CHE,PIG,1993,,264.0
CHE,PIG,1994,,249.0
CHE,PIG,1995,,257.0
CHE,PIG,1996,,237.0
CHE,PIG,1997,,234.0
CHE,PIG,1998,,247.0
CHE,PIG,1999,,241.701
CHE,PIG,2000,,241.892
CHE,PIG,2001,,243.476
CHE,PIG,2002,,247.63
CHE,PIG,2003,,244.566
CHE,PIG,2004,,243.141
CHE,PIG,2005,,250.331
CHE,PIG,2006,,256.545
CHE,PIG,2007,,254.99
CHE,PIG,2008,,253.964
CHE,PIG,2009,,251.824
CHE,PIG,2010,,262.453
CHE,PIG,2011,,259.979
CHE,PIG,2012,,249.684
CHE,PIG,2013,,249.46
CHE,PIG,2014,,255.999
CHE,PIG,2015,,249.298
CHE,PIG,2016,,251.298
CHE,PIG,2017,,251.977
CHE,PIG,2018,,253.043
CHE,PIG,2019,,254.11
CHE,PIG,2020,,255.177
CHE,PIG,2021,,256.244
CHE,PIG,2022,,257.311
CHE,PIG,2023,,258.378
CHE,PIG,2024,,259.444
CHE,PIG,2025,,260.511
CHE,PIG,2026,,261.578
CHE,POULTRY,1990,,74.0
CHE,POULTRY,1991,,78.0
CHE,POULTRY,1992,,76.0
CHE,POULTRY,1993,,75.0
CHE,POULTRY,1994,,80.0
CHE,POULTRY,1995,,80.0
CHE,POULTRY,1996,,87.0
CHE,POULTRY,1997,,87.0
CHE,POULTRY,1998,,89.0
CHE,POULTRY,1999,,88.39
CHE,POULTRY,2000,,94.28
CHE,POULTRY,2001,,98.68
CHE,POULTRY,2002,,101.23
CHE,POULTRY,2003,,105.27
CHE,POULTRY,2004,,105.5
CHE,POULTRY,2005,,101.351
CHE,POULTRY,2006,,97.091
CHE,POULTRY,2007,,112.82
CHE,POULTRY,2008,,122.03
CHE,POULTRY,2009,,123.358
CHE,POULTRY,2010,,124.912
CHE,POULTRY,2011,,128.805
CHE,POULTRY,2012,,131.062
CHE,POULTRY,2013,,131.595
CHE,POULTRY,2014,,139.305
CHE,POULTRY,2015,,142.896
CHE,POULTRY,2016,,140.896
CHE,POULTRY,2017,,141.5
CHE,POULTRY,2018,,143.0
CHE,POULTRY,2019,,144.5
CHE,POULTRY,2020,,146.0
CHE,POULTRY,2021,,147.5
CHE,POULTRY,2022,,149.0
CHE,POULTRY,2023,,150.5
CHE,POULTRY,2024,,152.0
CHE,POULTRY,2025,,153.5
CHE,POULTRY,2026,,155.0
CHE,SHEEP,1990,,12.0
CHE,SHEEP,1991,,13.0
CHE,SHEEP,1992,,13.0
CHE,SHEEP,1993,,13.0
CHE,SHEEP,1994,,13.0
CHE,SHEEP,1995,,13.0
CHE,SHEEP,1996,,13.0
CHE,SHEEP,1997,,13.0
CHE,SHEEP,1998,,13.0
CHE,SHEEP,1999,,12.68
CHE,SHEEP,2000,,14.045
CHE,SHEEP,2001,,13.413
CHE,SHEEP,2002,,13.391
CHE,SHEEP,2003,,13.63
CHE,SHEEP,2004,,14.051
CHE,SHEEP,2005,,12.737
CHE,SHEEP,2006,,12.303
CHE,SHEEP,2007,,11.935
CHE,SHEEP,2008,,11.926
CHE,SHEEP,2009,,11.84
CHE,SHEEP,2010,,11.963
CHE,SHEEP,2011,,11.873
CHE,SHEEP,2012,,11.529
CHE,SHEEP,2013,,11.3
CHE,SHEEP,2014,,12.412
CHE,SHEEP,2015,,12.319
CHE,SHEEP,2016,,12.319
CHE,SHEEP,2017,,12.37
CHE,SHEEP,2018,,12.41
CHE,SHEEP,2019,,12.45
CHE,SHEEP,2020,,12.49
CHE,SHEEP,2021,,12.53
CHE,SHEEP,2022,,12.57
CHE,SHEEP,2023,,12.61
CHE,SHEEP,2024,,12.65
CHE,SHEEP,2025,,12.69
CHE,SHEEP,2026,,12.73
CHL,BEEF,1990,13.051,245.0
CHL,BEEF,1991,12.685,242.0
CHL,BEEF,1992,12.177,236.0
CHL,BEEF,1993,13.717,270.0
CHL,BEEF,1994,14.663,293.0
CHL,BEEF,1995,15.979,324.0
CHL,BEEF,1996,16.532,340.0
CHL,BEEF,1997,17.603,367.0
CHL,BEEF,1998,16.519,349.0
CHL,BEEF,1999,15.514,332.0
CHL,BEEF,2000,15.688,340.0
CHL,BEEF,2001,14.266,313.0
CHL,BEEF,2002,14.996,333.0
CHL,BEEF,2003,15.576,350.0
CHL,BEEF,2004,15.836,360.0
CHL,BEEF,2005,16.308,375.0
CHL,BEEF,2006,14.49,337.0
CHL,BEEF,2007,15.562,366.0
CHL,BEEF,2008,14.676,349.0
CHL,BEEF,2009,14.682,353.0
CHL,BEEF,2010,15.386,374.0
CHL,BEEF,2011,14.121,347.0
CHL,BEEF,2012,14.613,363.0
CHL,BEEF,2013,17.046,428.0
CHL,BEEF,2014,17.497,444.0
CHL,BEEF,2015,16.264,417.0
CHL,BEEF,2016,17.759,460.0
CHL,BEEF,2017,18.105,473.654
CHL,BEEF,2018,17.84,471.31
CHL,BEEF,2019,17.81,475.009
CHL,BEEF,2020,17.842,480.274
CHL,BEEF,2021,17.925,486.851
CHL,BEEF,2022,18.036,494.145
CHL,BEEF,2023,18.116,500.505
CHL,BEEF,2024,18.205,506.972
CHL,BEEF,2025,18.265,512.42
CHL,BEEF,2026,18.27,516.122
CHL,PIG,1990,7.182,121.0
CHL,PIG,1991,7.068,121.0
CHL,PIG,1992,7.589,132.0
CHL,PIG,1993,8.095,143.0
CHL,PIG,1994,8.755,157.0
CHL,PIG,1995,9.397,171.0
CHL,PIG,1996,9.915,183.0
CHL,PIG,1997,10.582,198.0
CHL,PIG,1998,11.656,221.0
CHL,PIG,1999,12.392,238.0
CHL,PIG,2000,12.7,247.0
CHL,PIG,2001,13.712,270.0
CHL,PIG,2002,13.498,269.0
CHL,PIG,2003,14.282,288.0
CHL,PIG,2004,13.43,274.0
CHL,PIG,2005,13.907,287.0
CHL,PIG,2006,16.29,340.0
CHL,PIG,2007,16.772,354.0
CHL,PIG,2008,18.134,387.0
CHL,PIG,2009,17.241,372.0
CHL,PIG,2010,17.649,385.0
CHL,PIG,2011,18.592,410.0
CHL,PIG,2012,19.513,435.0
CHL,PIG,2013,19.571,441.0
CHL,PIG,2014,17.872,407.0
CHL,PIG,2015,17.427,401.0
CHL,PIG,2016,18.67,434.0
CHL,PIG,2017,18.636,437.556
CHL,PIG,2018,18.624,441.552
CHL,PIG,2019,18.631,445.933
CHL,PIG,2020,18.629,450.019
CHL,PIG,2021,18.62,453.857
CHL,PIG,2022,18.618,457.777
CHL,PIG,2023,18.635,462.049
CHL,PIG,2024,18.655,466.207
CHL,PIG,2025,18.683,470.407
CHL,PIG,2026,18.716,474.51
CHL,POULTRY,1990,7.835,117.0
CHL,POULTRY,1991,8.698,132.0
CHL,POULTRY,1992,13.038,201.0
CHL,POULTRY,1993,15.264,239.0
CHL,POULTRY,1994,16.797,267.0
CHL,POULTRY,1995,19.281,311.0
CHL,POULTRY,1996,20.172,330.0
CHL,POULTRY,1997,20.019,332.0
CHL,POULTRY,1998,21.541,362.0
CHL,POULTRY,1999,21.794,371.0
CHL,POULTRY,2000,23.957,413.0
CHL,POULTRY,2001,24.638,430.0
CHL,POULTRY,2002,23.607,417.0
CHL,POULTRY,2003,23.721,424.0
CHL,POULTRY,2004,26.046,471.0
CHL,POULTRY,2005,25.859,473.0
CHL,POULTRY,2006,29.514,546.0
CHL,POULTRY,2007,30.415,569.0
CHL,POULTRY,2008,28.653,542.0
CHL,POULTRY,2009,27.451,525.0
CHL,POULTRY,2010,29.014,561.0
CHL,POULTRY,2011,31.463,615.0
CHL,POULTRY,2012,31.529,623.0
CHL,POULTRY,2013,32.094,641.0
CHL,POULTRY,2014,31.707,640.0
CHL,POULTRY,2015,33.046,674.0
CHL,POULTRY,2016,34.75,716.0
CHL,POULTRY,2017,34.796,724.126
CHL,POULTRY,2018,34.761,730.488
CHL,POULTRY,2019,34.813,738.567
CHL,POULTRY,2020,34.816,745.482
CHL,POULTRY,2021,34.851,752.956
CHL,POULTRY,2022,34.93,761.269
CHL,POULTRY,2023,35.034,769.944
CHL,POULTRY,2024,35.138,778.361
CHL,POULTRY,2025,35.241,786.457
CHL,POULTRY,2026,35.366,794.733
CHL,SHEEP,1990,0.804,12.0
CHL,SHEEP,1991,0.923,14.0
CHL,SHEEP,1992,0.973,15.0
CHL,SHEEP,1993,0.958,15.0
CHL,SHEEP,1994,0.755,12.0
CHL,SHEEP,1995,0.744,12.0
CHL,SHEEP,1996,0.672,11.0
CHL,SHEEP,1997,0.784,13.0
CHL,SHEEP,1998,0.774,13.0
CHL,SHEEP,1999,0.764,13.0
CHL,SHEEP,2000,0.696,12.0
CHL,SHEEP,2001,0.63,11.0
CHL,SHEEP,2002,0.623,11.0
CHL,SHEEP,2003,0.559,10.0
CHL,SHEEP,2004,0.553,10.0
CHL,SHEEP,2005,0.492,9.0
CHL,SHEEP,2006,0.595,11.0
CHL,SHEEP,2007,0.588,11.0
CHL,SHEEP,2008,0.687,13.0
CHL,SHEEP,2009,0.523,10.0
CHL,SHEEP,2010,0.465,9.0
CHL,SHEEP,2011,0.563,11.0
CHL,SHEEP,2012,0.506,10.0
CHL,SHEEP,2013,0.451,9.0
CHL,SHEEP,2014,0.396,8.0
CHL,SHEEP,2015,0.441,9.0
CHL,SHEEP,2016,0.437,9.0
CHL,SHEEP,2017,0.435,9.045
CHL,SHEEP,2018,0.436,9.157
CHL,SHEEP,2019,0.436,9.253
CHL,SHEEP,2020,0.436,9.346
CHL,SHEEP,2021,0.437,9.452
CHL,SHEEP,2022,0.438,9.556
CHL,SHEEP,2023,0.44,9.661
CHL,SHEEP,2024,0.441,9.76
CHL,SHEEP,2025,0.442,9.858
CHL,SHEEP,2026,0.443,9.959
CHN,BEEF,1990,0.652,1075.0
CHN,BEEF,1991,0.764,1279.0
CHN,BEEF,1992,1.017,1726.0
CHN,BEEF,1993,1.273,2187.0
CHN,BEEF,1994,1.541,2677.0
CHN,BEEF,1995,1.974,3463.0
CHN,BEEF,1996,1.965,3476.0
CHN,BEEF,1997,2.43,4330.0
CHN,BEEF,1998,2.636,4727.0
CHN,BEEF,1999,2.78,5014.0
CHN,BEEF,2000,2.92,5298.0
CHN,BEEF,2001,2.989,5454.0
CHN,BEEF,2002,3.181,5837.0
CHN,BEEF,2003,2.917,5382.0
CHN,BEEF,2004,2.984,5535.0
CHN,BEEF,2005,2.991,5578.0
CHN,BEEF,2006,3.029,5679.0
CHN,BEEF,2007,3.208,6048.0
CHN,BEEF,2008,3.204,6073.0
CHN,BEEF,2009,3.32,6327.0
CHN,BEEF,2010,3.398,6509.0
CHN,BEEF,2011,3.344,6440.0
CHN,BEEF,2012,3.431,6643.0
CHN,BEEF,2013,3.583,6974.0
CHN,BEEF,2014,3.694,7227.0
CHN,BEEF,2015,3.848,7564.013
CHN,BEEF,2016,4.001,7900.212
CHN,BEEF,2017,4.067,8065.707
CHN,BEEF,2018,4.156,8274.688
CHN,BEEF,2019,4.263,8517.757
CHN,BEEF,2020,4.351,8720.211
CHN,BEEF,2021,4.423,8887.369
CHN,BEEF,2022,4.495,9049.824
CHN,BEEF,2023,4.553,9181.639
CHN,BEEF,2024,4.6,9288.004
CHN,BEEF,2025,4.655,9408.872
CHN,BEEF,2026,4.717,9539.537
CHN,PIG,1990,15.247,22570.0
CHN,PIG,1991,16.129,24242.0
CHN,PIG,1992,17.212,26225.0
CHN,PIG,1993,18.397,28374.0
CHN,PIG,1994,19.9,31025.0
CHN,PIG,1995,20.152,31722.0
CHN,PIG,1996,19.758,31365.0
CHN,PIG,1997,22.374,35777.0
CHN,PIG,1998,24.023,38661.0
CHN,PIG,1999,23.992,38840.0
CHN,PIG,2000,24.776,40340.0
CHN,PIG,2001,25.378,41555.0
CHN,PIG,2002,26.241,43208.0
CHN,PIG,2003,25.46,42156.0
CHN,PIG,2004,25.8,42952.0
CHN,PIG,2005,26.934,45083.0
CHN,PIG,2006,27.422,46147.0
CHN,PIG,2007,25.269,42750.0
CHN,PIG,2008,27.359,46534.0
CHN,PIG,2009,28.558,48835.0
CHN,PIG,2010,29.738,51124.998
CHN,PIG,2011,28.879,49915.001
CHN,PIG,2012,30.332,52706.999
CHN,PIG,2013,31.485,54998.486
CHN,PIG,2014,32.297,56704.247
CHN,PIG,2015,31.44,55465.86
CHN,PIG,2016,30.827,54631.079
CHN,PIG,2017,30.783,54786.381
CHN,PIG,2018,31.045,55470.341
CHN,PIG,2019,31.398,56297.689
CHN,PIG,2020,31.622,56873.543
CHN,PIG,2021,31.85,57429.958
CHN,PIG,2022,32.082,57968.321
CHN,PIG,2023,32.352,58553.24
CHN,PIG,2024,32.605,59085.919
CHN,PIG,2025,32.877,59636.166
CHN,PIG,2026,33.148,60167.22
CHN,POULTRY,1991,2.98,3969.4
CHN,POULTRY,1992,3.341,4511.6
CHN,POULTRY,1993,4.179,5712.2
CHN,POULTRY,1994,5.505,7608.0
CHN,POULTRY,1995,6.964,9716.8
CHN,POULTRY,1996,6.16,8667.8
CHN,POULTRY,1997,7.081,10035.6
CHN,POULTRY,1998,7.624,10874.6
CHN,POULTRY,1999,8.024,11513.2
CHN,POULTRY,2000,8.455,12202.4
CHN,POULTRY,2001,8.185,11878.8
CHN,POULTRY,2002,8.207,11977.6
CHN,POULTRY,2003,8.531,12520.4
CHN,POULTRY,2004,8.423,12429.4
CHN,POULTRY,2005,8.998,13350.2
CHN,POULTRY,2006,9.3,13871.4
CHN,POULTRY,2007,9.945,14914.0
CHN,POULTRY,2008,10.556,15914.0
CHN,POULTRY,2009,10.841,16432.0
CHN,POULTRY,2010,10.987,16742.0
CHN,POULTRY,2011,11.127,17047.2
CHN,POULTRY,2012,11.74,18082.001
CHN,POULTRY,2013,11.876,18388.001
CHN,POULTRY,2014,11.435,17795.0
CHN,POULTRY,2015,11.76,18388.999
CHN,POULTRY,2016,12.143,19075.2
CHN,POULTRY,2017,12.273,19360.853
CHN,POULTRY,2018,12.401,19640.177
CHN,POULTRY,2019,12.563,19967.115
CHN,POULTRY,2020,12.722,20280.581
CHN,POULTRY,2021,12.876,20578.912
CHN,POULTRY,2022,13.048,20897.259
CHN,POULTRY,2023,13.227,21218.623
CHN,POULTRY,2024,13.41,21540.397
CHN,POULTRY,2025,13.622,21901.478
CHN,POULTRY,2026,13.805,22209.686
CHN,SHEEP,1990,0.812,1065.0
CHN,SHEEP,1991,0.884,1178.0
CHN,SHEEP,1992,0.924,1248.0
CHN,SHEEP,1993,1.003,1371.0
CHN,SHEEP,1994,1.07,1479.0
CHN,SHEEP,1995,1.251,1746.0
CHN,SHEEP,1996,1.288,1812.0
CHN,SHEEP,1997,1.504,2131.0
CHN,SHEEP,1998,1.649,2352.0
CHN,SHEEP,1999,1.756,2520.0
CHN,SHEEP,2000,1.908,2754.0
CHN,SHEEP,2001,2.032,2949.0
CHN,SHEEP,2002,2.19,3197.0
CHN,SHEEP,2003,2.118,3109.0
CHN,SHEEP,2004,2.262,3338.0
CHN,SHEEP,2005,2.335,3464.0
CHN,SHEEP,2006,2.413,3599.0
CHN,SHEEP,2007,2.538,3806.0
CHN,SHEEP,2008,2.517,3795.0
CHN,SHEEP,2009,2.572,3898.0
CHN,SHEEP,2010,2.649,4037.0
CHN,SHEEP,2011,2.615,4006.0
CHN,SHEEP,2012,2.681,4129.0
CHN,SHEEP,2013,2.801,4337.0
CHN,SHEEP,2014,2.831,4405.073
CHN,SHEEP,2015,2.956,4622.0
CHN,SHEEP,2016,3.063,4812.0
CHN,SHEEP,2017,3.076,4851.995
CHN,SHEEP,2018,3.153,4993.189
CHN,SHEEP,2019,3.209,5100.787
CHN,SHEEP,2020,3.344,5330.858
CHN,SHEEP,2021,3.433,5487.447
CHN,SHEEP,2022,3.495,5598.007
CHN,SHEEP,2023,3.563,5715.498
CHN,SHEEP,2024,3.601,5783.702
CHN,SHEEP,2025,3.639,5850.016
CHN,SHEEP,2026,3.683,5926.078
COL,BEEF,1990,15.012,735.0
COL,BEEF,1991,13.552,676.0
COL,BEEF,1992,11.556,587.0
COL,BEEF,1993,11.623,601.0
COL,BEEF,1994,12.318,648.0
COL,BEEF,1995,13.124,702.0
COL,BEEF,1996,13.467,732.0
COL,BEEF,1997,13.875,766.0
COL,BEEF,1998,13.649,765.0
COL,BEEF,1999,12.587,716.0
COL,BEEF,2000,12.907,745.0
COL,BEEF,2001,11.92,698.0
COL,BEEF,2002,11.366,675.0
COL,BEEF,2003,10.595,638.0
COL,BEEF,2004,11.551,705.0
COL,BEEF,2005,12.662,783.0
COL,BEEF,2006,12.855,805.0
COL,BEEF,2007,12.225,775.0
COL,BEEF,2008,11.895,763.0
COL,BEEF,2009,10.882,706.0
COL,BEEF,2010,11.677,766.0
COL,BEEF,2011,12.324,817.0
COL,BEEF,2012,12.632,846.0
COL,BEEF,2013,11.991,811.0
COL,BEEF,2014,12.333,842.0
COL,BEEF,2015,12.148,837.0
COL,BEEF,2016,11.726,815.0
COL,BEEF,2017,11.693,819.64
COL,BEEF,2018,11.662,824.118
COL,BEEF,2019,11.614,827.206
COL,BEEF,2020,11.571,830.29
COL,BEEF,2021,11.553,834.894
COL,BEEF,2022,11.539,839.534
COL,BEEF,2023,11.524,843.894
COL,BEEF,2024,11.503,847.542
COL,BEEF,2025,11.486,851.205
COL,BEEF,2026,11.483,855.742
COL,PIG,1990,3.027,133.0
COL,PIG,1991,2.971,133.0
COL,PIG,1992,2.983,136.0
COL,PIG,1993,2.909,135.0
COL,PIG,1994,2.881,136.0
COL,PIG,1995,2.896,139.0
COL,PIG,1996,2.726,133.0
COL,PIG,1997,2.18,108.0
COL,PIG,1998,1.63,82.0
COL,PIG,1999,2.214,113.0
COL,PIG,2000,2.124,110.0
COL,PIG,2001,1.96,103.0
COL,PIG,2002,2.12,113.0
COL,PIG,2003,2.35,127.0
COL,PIG,2004,2.41,132.0
COL,PIG,2005,2.361,131.0
COL,PIG,2006,2.705,152.0
COL,PIG,2007,3.252,185.0
COL,PIG,2008,3.162,182.0
COL,PIG,2009,3.229,188.0
COL,PIG,2010,3.533,208.0
COL,PIG,2011,3.983,237.0
COL,PIG,2012,4.575,275.0
COL,PIG,2013,4.992,303.0
COL,PIG,2014,4.945,303.0
COL,PIG,2015,4.933,305.0
COL,PIG,2016,4.697,293.0
COL,PIG,2017,4.706,296.019
COL,PIG,2018,4.635,293.961
COL,PIG,2019,4.641,296.67
COL,PIG,2020,4.691,302.091
COL,PIG,2021,4.733,306.953
COL,PIG,2022,4.727,308.633
COL,PIG,2023,4.747,311.96
COL,PIG,2024,4.793,316.925
COL,PIG,2025,4.841,321.999
COL,PIG,2026,4.873,325.902
COL,POULTRY,1990,7.678,299.0
COL,POULTRY,1991,9.779,388.0
COL,POULTRY,1992,10.295,416.0
COL,POULTRY,1993,11.087,456.0
COL,POULTRY,1994,12.236,512.0
COL,POULTRY,1995,13.397,570.0
COL,POULTRY,1996,11.333,490.0
COL,POULTRY,1997,10.475,460.0
COL,POULTRY,1998,11.91,531.0
COL,POULTRY,1999,11.536,522.0
COL,POULTRY,2000,11.696,537.0
COL,POULTRY,2001,13.611,634.0
COL,POULTRY,2002,14.479,684.0
COL,POULTRY,2003,14.822,710.0
COL,POULTRY,2004,15.015,729.0
COL,POULTRY,2005,16.162,795.0
COL,POULTRY,2006,17.786,886.0
COL,POULTRY,2007,19.137,965.0
COL,POULTRY,2008,20.618,1052.0
COL,POULTRY,2009,20.578,1062.0
COL,POULTRY,2010,20.851,1088.0
COL,POULTRY,2011,21.371,1127.0
COL,POULTRY,2012,21.943,1169.0
COL,POULTRY,2013,24.778,1333.0
COL,POULTRY,2014,26.055,1415.0
COL,POULTRY,2015,27.059,1483.0
COL,POULTRY,2016,27.04,1495.0
COL,POULTRY,2017,27.3,1522.222
COL,POULTRY,2018,27.521,1547.067
COL,POULTRY,2019,27.758,1572.624
COL,POULTRY,2020,28.014,1598.995
COL,POULTRY,2021,28.274,1625.33
COL,POULTRY,2022,28.574,1653.739
COL,POULTRY,2023,28.865,1681.409
COL,POULTRY,2024,29.176,1709.98
COL,POULTRY,2025,29.499,1739.012
COL,POULTRY,2026,29.819,1767.633
COL,SHEEP,1990,0.334,13.0
COL,SHEEP,1991,0.302,12.0
COL,SHEEP,1992,0.297,12.0
COL,SHEEP,1993,0.316,13.0
COL,SHEEP,1994,0.311,13.0
COL,SHEEP,1995,0.329,14.0
COL,SHEEP,1996,0.278,12.0
COL,SHEEP,1997,0.296,13.0
COL,SHEEP,1998,0.269,12.0
COL,SHEEP,1999,0.265,12.0
COL,SHEEP,2000,0.305,14.0
COL,SHEEP,2001,0.279,13.0
COL,SHEEP,2002,0.254,12.0
COL,SHEEP,2003,0.292,14.0
COL,SHEEP,2004,0.309,15.0
COL,SHEEP,2005,0.346,17.0
COL,SHEEP,2006,0.241,12.0
COL,SHEEP,2007,0.238,12.0
COL,SHEEP,2008,0.216,11.0
COL,SHEEP,2009,0.233,12.0
COL,SHEEP,2010,0.211,11.0
COL,SHEEP,2011,0.209,11.0
COL,SHEEP,2012,0.206,11.0
COL,SHEEP,2013,0.186,10.0
COL,SHEEP,2014,0.184,10.0
COL,SHEEP,2015,0.201,11.0
COL,SHEEP,2016,0.217,12.0
COL,SHEEP,2017,0.222,12.386
COL,SHEEP,2018,0.221,12.432
COL,SHEEP,2019,0.223,12.626
COL,SHEEP,2020,0.224,12.808
COL,SHEEP,2021,0.225,12.947
COL,SHEEP,2022,0.226,13.097
COL,SHEEP,2023,0.227,13.244
COL,SHEEP,2024,0.229,13.405
COL,SHEEP,2025,0.23,13.557
COL,SHEEP,2026,0.231,13.699
DZA,BEEF,1990,2.809,104.0
DZA,BEEF,1991,2.952,112.0
DZA,BEEF,1992,3.013,117.0
DZA,BEEF,1993,3.124,124.0
DZA,BEEF,1994,3.406,138.0
DZA,BEEF,1995,3.269,135.0
DZA,BEEF,1996,3.046,128.0
DZA,BEEF,1997,2.67,114.0
DZA,BEEF,1998,2.907,126.0
DZA,BEEF,1999,3.185,140.0
DZA,BEEF,2000,3.255,145.0
DZA,BEEF,2001,2.437,110.0
DZA,BEEF,2002,3.217,147.0
DZA,BEEF,2003,3.695,171.0
DZA,BEEF,2004,4.693,220.0
DZA,BEEF,2005,4.713,224.0
DZA,BEEF,2006,4.107,198.0
DZA,BEEF,2007,4.025,197.0
DZA,BEEF,2008,3.881,193.0
DZA,BEEF,2009,4.172,211.0
DZA,BEEF,2010,3.885,200.0
DZA,BEEF,2011,3.584,188.0
DZA,BEEF,2012,4.207,225.0
DZA,BEEF,2013,4.088,223.0
DZA,BEEF,2014,4.207,234.0
DZA,BEEF,2015,3.918,222.0
DZA,BEEF,2016,3.762,217.0
DZA,BEEF,2017,3.894,228.405
DZA,BEEF,2018,3.862,230.246
DZA,BEEF,2019,3.852,233.189
DZA,BEEF,2020,3.867,237.599
DZA,BEEF,2021,3.913,243.826
DZA,BEEF,2022,3.97,250.749
DZA,BEEF,2023,4.019,257.099
DZA,BEEF,2024,4.076,263.995
DZA,BEEF,2025,4.122,270.107
DZA,BEEF,2026,4.162,275.765
DZA,PIG,1990,0.09,3.0
DZA,PIG,1991,0.088,3.0
DZA,PIG,1992,0.086,3.0
DZA,PIG,1993,0.084,3.0
DZA,PIG,1994,0.083,3.0
DZA,PIG,1995,0.081,3.0
DZA,PIG,1996,0.08,3.0
DZA,PIG,1997,0.078,3.0
DZA,PIG,1998,0.077,3.0
DZA,PIG,1999,0.076,3.0
DZA,PIG,2000,0.075,3.0
DZA,PIG,2001,0.074,3.0
DZA,PIG,2002,0.073,3.0
DZA,PIG,2003,0.072,3.0
DZA,PIG,2004,0.071,3.0
DZA,PIG,2005,0.07,3.0
DZA,PIG,2006,0.069,3.0
DZA,PIG,2007,0.068,3.0
DZA,PIG,2008,0.067,3.0
DZA,PIG,2009,0.066,3.0
DZA,PIG,2010,0.065,3.0
DZA,PIG,2011,0.064,3.0
DZA,PIG,2012,0.063,3.0
DZA,PIG,2013,0.061,3.0
DZA,PIG,2014,0.06,3.0
DZA,PIG,2015,0.059,3.0
DZA,PIG,2016,0.058,3.0
DZA,PIG,2017,0.057,3.0
DZA,PIG,2018,0.056,3.0
DZA,PIG,2019,0.055,3.0
DZA,PIG,2020,0.054,3.0
DZA,PIG,2021,0.054,3.0
DZA,PIG,2022,0.053,3.0
DZA,PIG,2023,0.052,3.0
DZA,PIG,2024,0.052,3.0
DZA,PIG,2025,0.051,3.0
DZA,PIG,2026,0.05,3.0
DZA,POULTRY,1990,6.283,185.0
DZA,POULTRY,1991,6.263,189.0
DZA,POULTRY,1992,6.249,193.0
DZA,POULTRY,1993,6.271,198.0
DZA,POULTRY,1994,6.268,202.0
DZA,POULTRY,1995,6.15,202.0
DZA,POULTRY,1996,6.433,215.0
DZA,POULTRY,1997,6.478,220.0
DZA,POULTRY,1998,7.194,248.0
DZA,POULTRY,1999,6.75,236.0
DZA,POULTRY,2000,6.914,245.0
DZA,POULTRY,2001,6.769,243.0
DZA,POULTRY,2002,6.767,246.0
DZA,POULTRY,2003,7.036,259.0
DZA,POULTRY,2004,7.213,269.0
DZA,POULTRY,2005,7.195,272.0
DZA,POULTRY,2006,6.832,262.0
DZA,POULTRY,2007,6.858,267.0
DZA,POULTRY,2008,6.775,268.0
DZA,POULTRY,2009,6.736,271.0
DZA,POULTRY,2010,6.764,277.0
DZA,POULTRY,2011,6.687,279.0
DZA,POULTRY,2012,6.863,292.0
DZA,POULTRY,2013,6.706,291.0
DZA,POULTRY,2014,6.509,288.0
DZA,POULTRY,2015,6.389,288.0
DZA,POULTRY,2016,6.321,290.0
DZA,POULTRY,2017,6.299,293.914
DZA,POULTRY,2018,6.281,297.848
DZA,POULTRY,2019,6.272,302.042
DZA,POULTRY,2020,6.268,306.336
DZA,POULTRY,2021,6.283,311.453
DZA,POULTRY,2022,6.298,316.39
DZA,POULTRY,2023,6.316,321.393
DZA,POULTRY,2024,6.335,326.341
DZA,POULTRY,2025,6.359,331.414
DZA,POULTRY,2026,6.386,336.548
DZA,SHEEP,1990,5.026,148.0
DZA,SHEEP,1991,5.07,153.0
DZA,SHEEP,1992,5.342,165.0
DZA,SHEEP,1993,5.637,178.0
DZA,SHEEP,1994,5.523,178.0
DZA,SHEEP,1995,5.48,180.0
DZA,SHEEP,1996,5.715,191.0
DZA,SHEEP,1997,5.27,179.0
DZA,SHEEP,1998,5.279,182.0
DZA,SHEEP,1999,5.091,178.0
DZA,SHEEP,2000,5.136,182.0
DZA,SHEEP,2001,4.958,178.0
DZA,SHEEP,2002,4.951,180.0
DZA,SHEEP,2003,4.89,180.0
DZA,SHEEP,2004,5.256,196.0
DZA,SHEEP,2005,5.449,206.0
DZA,SHEEP,2006,5.397,207.0
DZA,SHEEP,2007,5.368,209.0
DZA,SHEEP,2008,5.005,198.0
DZA,SHEEP,2009,5.27,212.0
DZA,SHEEP,2010,5.421,222.0
DZA,SHEEP,2011,6.471,270.0
DZA,SHEEP,2012,6.628,282.0
DZA,SHEEP,2013,6.937,301.0
DZA,SHEEP,2014,7.074,313.0
DZA,SHEEP,2015,7.077,319.0
DZA,SHEEP,2016,7.062,324.0
DZA,SHEEP,2017,7.077,330.257
DZA,SHEEP,2018,7.121,337.668
DZA,SHEEP,2019,7.164,345.005
DZA,SHEEP,2020,7.199,351.851
DZA,SHEEP,2021,7.258,359.766
DZA,SHEEP,2022,7.313,367.397
DZA,SHEEP,2023,7.367,374.892
DZA,SHEEP,2024,7.428,382.635
DZA,SHEEP,2025,7.492,390.472
DZA,SHEEP,2026,7.558,398.336
EGY,BEEF,1990,5.002,403.0
EGY,BEEF,1991,5.654,466.0
EGY,BEEF,1992,5.548,467.0
EGY,BEEF,1993,6.172,530.0
EGY,BEEF,1994,6.352,556.0
EGY,BEEF,1995,6.099,544.0
EGY,BEEF,1996,6.318,574.0
EGY,BEEF,1997,6.886,637.0
EGY,BEEF,1998,6.945,654.0
EGY,BEEF,1999,7.207,691.0
EGY,BEEF,2000,7.611,743.0
EGY,BEEF,2001,5.361,533.0
EGY,BEEF,2002,5.903,598.0
EGY,BEEF,2003,6.182,638.0
EGY,BEEF,2004,6.915,727.0
EGY,BEEF,2005,7.575,811.0
EGY,BEEF,2006,8.966,977.0
EGY,BEEF,2007,9.227,1023.0
EGY,BEEF,2008,8.606,971.0
EGY,BEEF,2009,9.033,1038.0
EGY,BEEF,2010,9.522,1116.0
EGY,BEEF,2011,8.914,1067.0
EGY,BEEF,2012,8.981,1099.0
EGY,BEEF,2013,8.445,1057.0
EGY,BEEF,2014,8.893,1138.0
EGY,BEEF,2015,9.256,1210.0
EGY,BEEF,2016,9.273,1237.0
EGY,BEEF,2017,9.321,1267.822
EGY,BEEF,2018,9.28,1286.07
EGY,BEEF,2019,9.193,1297.101
EGY,BEEF,2020,9.137,1312.097
EGY,BEEF,2021,9.129,1333.385
EGY,BEEF,2022,9.122,1354.63
EGY,BEEF,2023,9.104,1373.798
EGY,BEEF,2024,9.072,1390.468
EGY,BEEF,2025,9.057,1409.595
EGY,BEEF,2026,9.081,1434.411
EGY,PIG,1990,0.028,2.0
EGY,PIG,1991,0.027,2.0
EGY,PIG,1992,0.04,3.0
EGY,PIG,1993,0.039,3.0
EGY,PIG,1994,0.038,3.0
EGY,PIG,1995,0.037,3.0
EGY,PIG,1996,0.037,3.0
EGY,PIG,1997,0.036,3.0
EGY,PIG,1998,0.095,8.0
EGY,PIG,1999,0.035,3.0
EGY,PIG,2000,0.034,3.0
EGY,PIG,2001,0.034,3.0
EGY,PIG,2002,0.033,3.0
EGY,PIG,2003,0.022,2.0
EGY,PIG,2004,0.021,2.0
EGY,PIG,2005,0.021,2.0
EGY,PIG,2006,0.02,2.0
EGY,PIG,2007,0.03,3.0
EGY,PIG,2008,0.02,2.0
EGY,PIG,2009,0.01,1.0
EGY,PIG,2010,0.19,20.0
EGY,PIG,2011,0.168,18.0
EGY,PIG,2012,0.173,19.0
EGY,PIG,2013,0.169,19.0
EGY,PIG,2014,0.174,20.0
EGY,PIG,2015,0.153,18.0
EGY,PIG,2016,0.167,20.0
EGY,PIG,2017,0.167,20.347
EGY,PIG,2018,0.166,20.604
EGY,PIG,2019,0.166,20.961
EGY,PIG,2020,0.166,21.336
EGY,PIG,2021,0.165,21.623
EGY,PIG,2022,0.165,21.961
EGY,PIG,2023,0.165,22.283
EGY,PIG,2024,0.165,22.635
EGY,PIG,2025,0.164,22.957
EGY,PIG,2026,0.164,23.278
EGY,POULTRY,1990,4.244,272.0
EGY,POULTRY,1991,4.637,304.0
EGY,POULTRY,1992,4.749,318.0
EGY,POULTRY,1993,4.846,331.0
EGY,POULTRY,1994,5.156,359.0
EGY,POULTRY,1995,5.737,407.0
EGY,POULTRY,1996,5.853,423.0
EGY,POULTRY,1997,7.366,542.0
EGY,POULTRY,1998,7.142,535.0
EGY,POULTRY,1999,7.736,590.0
EGY,POULTRY,2000,7.843,609.0
EGY,POULTRY,2001,8.016,634.0
EGY,POULTRY,2002,7.98,643.0
EGY,POULTRY,2003,8.1,665.0
EGY,POULTRY,2004,7.987,668.0
EGY,POULTRY,2005,7.797,664.0
EGY,POULTRY,2006,8.422,730.0
EGY,POULTRY,2007,9.344,824.0
EGY,POULTRY,2008,8.446,758.0
EGY,POULTRY,2009,9.156,837.0
EGY,POULTRY,2010,9.471,883.0
EGY,POULTRY,2011,9.82,935.0
EGY,POULTRY,2012,11.208,1091.0
EGY,POULTRY,2013,9.974,993.0
EGY,POULTRY,2014,9.598,977.0
EGY,POULTRY,2015,9.444,982.0
EGY,POULTRY,2016,9.263,983.0
EGY,POULTRY,2017,9.177,992.948
EGY,POULTRY,2018,9.157,1009.426
EGY,POULTRY,2019,9.216,1034.355
EGY,POULTRY,2020,9.327,1065.389
EGY,POULTRY,2021,9.286,1078.893
EGY,POULTRY,2022,9.261,1093.963
EGY,POULTRY,2023,9.242,1109.274
EGY,POULTRY,2024,9.229,1125.149
EGY,POULTRY,2025,9.216,1140.851
EGY,POULTRY,2026,9.199,1155.904
EGY,SHEEP,1990,1.279,82.0
EGY,SHEEP,1991,1.129,74.0
EGY,SHEEP,1992,1.15,77.0
EGY,SHEEP,1993,1.171,80.0
EGY,SHEEP,1994,1.249,87.0
EGY,SHEEP,1995,1.269,90.0
EGY,SHEEP,1996,1.245,90.0
EGY,SHEEP,1997,1.277,94.0
EGY,SHEEP,1998,1.282,96.0
EGY,SHEEP,1999,1.062,81.0
EGY,SHEEP,2000,0.992,77.0
EGY,SHEEP,2001,1.011,80.0
EGY,SHEEP,2002,0.98,79.0
EGY,SHEEP,2003,0.865,71.0
EGY,SHEEP,2004,0.694,58.0
EGY,SHEEP,2005,1.033,88.0
EGY,SHEEP,2006,1.223,106.0
EGY,SHEEP,2007,1.463,129.0
EGY,SHEEP,2008,1.671,150.0
EGY,SHEEP,2009,1.586,145.0
EGY,SHEEP,2010,1.405,131.0
EGY,SHEEP,2011,1.344,128.0
EGY,SHEEP,2012,1.356,132.0
EGY,SHEEP,2013,1.326,132.0
EGY,SHEEP,2014,1.316,134.0
EGY,SHEEP,2015,1.279,133.0
EGY,SHEEP,2016,1.263,134.0
EGY,SHEEP,2017,1.28,138.511
EGY,SHEEP,2018,1.299,143.148
EGY,SHEEP,2019,1.319,147.997
EGY,SHEEP,2020,1.338,152.849
EGY,SHEEP,2021,1.356,157.572
EGY,SHEEP,2022,1.374,162.257
EGY,SHEEP,2023,1.391,167.021
EGY,SHEEP,2024,1.409,171.838
EGY,SHEEP,2025,1.427,176.636
EGY,SHEEP,2026,1.443,181.344
ETH,BEEF,1990,,232.0
ETH,BEEF,1991,,232.0
ETH,BEEF,1992,,230.0
ETH,BEEF,1993,3.011,230.0
ETH,BEEF,1994,2.908,230.0
ETH,BEEF,1995,2.874,235.0
ETH,BEEF,1996,3.164,267.0
ETH,BEEF,1997,3.104,270.0
ETH,BEEF,1998,3.059,274.0
ETH,BEEF,1999,3.145,290.0
ETH,BEEF,2000,3.097,294.0
ETH,BEEF,2001,3.111,304.0
ETH,BEEF,2002,3.5,352.0
ETH,BEEF,2003,3.266,338.0
ETH,BEEF,2004,3.157,336.0
ETH,BEEF,2005,3.198,350.0
ETH,BEEF,2006,3.325,374.0
ETH,BEEF,2007,3.141,363.0
ETH,BEEF,2008,3.202,380.0
ETH,BEEF,2009,2.913,355.0
ETH,BEEF,2010,3.35,419.0
ETH,BEEF,2011,3.194,410.0
ETH,BEEF,2012,2.559,337.0
ETH,BEEF,2013,2.524,341.0
ETH,BEEF,2014,2.527,350.0
ETH,BEEF,2015,2.528,359.0
ETH,BEEF,2016,2.405,350.0
ETH,BEEF,2017,2.444,364.304
ETH,BEEF,2018,2.396,365.719
ETH,BEEF,2019,2.375,371.21
ETH,BEEF,2020,2.393,382.813
ETH,BEEF,2021,2.473,404.642
ETH,BEEF,2022,2.581,431.905
ETH,BEEF,2023,2.652,453.797
ETH,BEEF,2024,2.712,474.167
ETH,BEEF,2025,2.763,493.586
ETH,BEEF,2026,2.811,512.684
ETH,PIG,1990,,1.0
ETH,PIG,1991,,1.0
ETH,PIG,1992,,1.0
ETH,PIG,1993,0.015,1.0
ETH,PIG,1994,0.014,1.0
ETH,PIG,1995,0.014,1.0
ETH,PIG,1996,0.013,1.0
ETH,PIG,1997,0.013,1.0
ETH,PIG,1998,0.012,1.0
ETH,PIG,1999,0.012,1.0
ETH,PIG,2000,0.012,1.0
ETH,PIG,2001,0.011,1.0
ETH,PIG,2002,0.011,1.0
ETH,PIG,2003,0.022,2.0
ETH,PIG,2004,0.021,2.0
ETH,PIG,2005,0.02,2.0
ETH,PIG,2006,0.02,2.0
ETH,PIG,2007,0.019,2.0
ETH,PIG,2008,0.019,2.0
ETH,PIG,2009,0.018,2.0
ETH,PIG,2010,0.018,2.0
ETH,PIG,2011,0.017,2.0
ETH,PIG,2012,0.017,2.0
ETH,PIG,2013,0.016,2.0
ETH,PIG,2014,0.016,2.0
ETH,PIG,2015,0.016,2.0
ETH,PIG,2016,0.015,2.0
ETH,PIG,2017,0.015,2.034
ETH,PIG,2018,0.016,2.164
ETH,PIG,2019,0.016,2.284
ETH,PIG,2020,0.016,2.364
ETH,PIG,2021,0.017,2.482
ETH,PIG,2022,0.017,2.624
ETH,PIG,2023,0.018,2.725
ETH,PIG,2024,0.018,2.856
ETH,PIG,2025,0.019,2.999
ETH,PIG,2026,0.019,3.135
ETH,POULTRY,1990,,36.0
ETH,POULTRY,1991,,36.0
ETH,POULTRY,1992,,36.0
ETH,POULTRY,1993,0.592,36.0
ETH,POULTRY,1994,0.572,36.0
ETH,POULTRY,1995,0.553,36.0
ETH,POULTRY,1996,0.536,36.0
ETH,POULTRY,1997,0.52,36.0
ETH,POULTRY,1998,0.519,37.0
ETH,POULTRY,1999,0.504,37.0
ETH,POULTRY,2000,0.503,38.0
ETH,POULTRY,2001,0.643,50.0
ETH,POULTRY,2002,0.675,54.0
ETH,POULTRY,2003,0.607,50.0
ETH,POULTRY,2004,0.555,47.0
ETH,POULTRY,2005,0.494,43.0
ETH,POULTRY,2006,0.503,45.0
ETH,POULTRY,2007,0.5,46.0
ETH,POULTRY,2008,0.519,49.0
ETH,POULTRY,2009,0.516,50.0
ETH,POULTRY,2010,0.593,59.0
ETH,POULTRY,2011,0.529,54.0
ETH,POULTRY,2012,0.573,60.0
ETH,POULTRY,2013,0.577,62.0
ETH,POULTRY,2014,0.563,62.0
ETH,POULTRY,2015,0.549,62.0
ETH,POULTRY,2016,0.536,62.0
ETH,POULTRY,2017,0.534,63.376
ETH,POULTRY,2018,0.54,65.595
ETH,POULTRY,2019,0.548,68.122
ETH,POULTRY,2020,0.556,70.717
ETH,POULTRY,2021,0.546,71.131
ETH,POULTRY,2022,0.548,73.023
ETH,POULTRY,2023,0.551,74.951
ETH,POULTRY,2024,0.553,76.906
ETH,POULTRY,2025,0.555,78.881
ETH,POULTRY,2026,0.557,80.866
ETH,SHEEP,1990,,59.0
ETH,SHEEP,1991,,60.0
ETH,SHEEP,1992,,60.0
ETH,SHEEP,1993,1.004,61.0
ETH,SHEEP,1994,0.97,61.0
ETH,SHEEP,1995,0.922,60.0
ETH,SHEEP,1996,0.894,60.0
ETH,SHEEP,1997,0.853,59.0
ETH,SHEEP,1998,0.87,62.0
ETH,SHEEP,1999,0.832,61.0
ETH,SHEEP,2000,0.808,61.0
ETH,SHEEP,2001,0.849,66.0
ETH,SHEEP,2002,0.988,79.0
ETH,SHEEP,2003,1.033,85.0
ETH,SHEEP,2004,1.205,102.0
ETH,SHEEP,2005,1.264,110.0
ETH,SHEEP,2006,1.431,128.0
ETH,SHEEP,2007,1.577,145.0
ETH,SHEEP,2008,1.462,138.0
ETH,SHEEP,2009,1.486,144.0
ETH,SHEEP,2010,1.427,142.0
ETH,SHEEP,2011,1.351,138.0
ETH,SHEEP,2012,1.375,144.0
ETH,SHEEP,2013,1.377,148.0
ETH,SHEEP,2014,1.343,148.0
ETH,SHEEP,2015,1.302,147.0
ETH,SHEEP,2016,1.227,142.0
ETH,SHEEP,2017,1.225,145.206
ETH,SHEEP,2018,1.233,149.728
ETH,SHEEP,2019,1.241,154.287
ETH,SHEEP,2020,1.246,158.593
ETH,SHEEP,2021,1.252,163.022
ETH,SHEEP,2022,1.259,167.551
ETH,SHEEP,2023,1.266,172.305
ETH,SHEEP,2024,1.274,177.173
ETH,SHEEP,2025,1.283,182.256
ETH,SHEEP,2026,1.293,187.599
GHA,BEEF,1990,1.292,27.0
GHA,BEEF,1991,2.141,46.0
GHA,BEEF,1992,2.081,46.0
GHA,BEEF,1993,1.716,39.0
GHA,BEEF,1994,1.542,36.0
GHA,BEEF,1995,1.462,35.0
GHA,BEEF,1996,1.06,26.0
GHA,BEEF,1997,0.956,24.0
GHA,BEEF,1998,0.896,23.0
GHA,BEEF,1999,1.066,28.0
GHA,BEEF,2000,1.004,27.0
GHA,BEEF,2001,0.907,25.0
GHA,BEEF,2002,0.955,27.0
GHA,BEEF,2003,0.931,27.0
GHA,BEEF,2004,0.773,23.0
GHA,BEEF,2005,0.884,27.0
GHA,BEEF,2006,1.116,35.0
GHA,BEEF,2007,1.491,48.0
GHA,BEEF,2008,1.363,45.0
GHA,BEEF,2009,0.945,32.0
GHA,BEEF,2010,0.921,32.0
GHA,BEEF,2011,0.927,33.0
GHA,BEEF,2012,0.904,33.0
GHA,BEEF,2013,0.936,35.0
GHA,BEEF,2014,0.732,28.0
GHA,BEEF,2015,0.868,34.0
GHA,BEEF,2016,0.849,34.0
GHA,BEEF,2017,0.845,34.593
GHA,BEEF,2018,0.831,34.762
GHA,BEEF,2019,0.813,34.72
GHA,BEEF,2020,0.798,34.804
GHA,BEEF,2021,0.788,35.067
GHA,BEEF,2022,0.778,35.316
GHA,BEEF,2023,0.766,35.491
GHA,BEEF,2024,0.754,35.592
GHA,BEEF,2025,0.743,35.76
GHA,BEEF,2026,0.736,36.076
GHA,PIG,1990,0.693,13.0
GHA,PIG,1991,0.674,13.0
GHA,PIG,1992,0.555,11.0
GHA,PIG,1993,0.539,11.0
GHA,PIG,1994,0.525,11.0
GHA,PIG,1995,0.558,12.0
GHA,PIG,1996,0.681,15.0
GHA,PIG,1997,0.71,16.0
GHA,PIG,1998,0.608,14.0
GHA,PIG,1999,0.594,14.0
GHA,PIG,2000,0.539,13.0
GHA,PIG,2001,0.485,12.0
GHA,PIG,2002,0.512,13.0
GHA,PIG,2003,0.653,17.0
GHA,PIG,2004,0.374,10.0
GHA,PIG,2005,0.401,11.0
GHA,PIG,2006,0.569,16.0
GHA,PIG,2007,0.762,22.0
GHA,PIG,2008,0.776,23.0
GHA,PIG,2009,0.757,23.0
GHA,PIG,2010,0.706,22.0
GHA,PIG,2011,0.782,25.0
GHA,PIG,2012,0.794,26.0
GHA,PIG,2013,0.894,30.0
GHA,PIG,2014,0.757,26.0
GHA,PIG,2015,0.797,28.0
GHA,PIG,2016,0.807,29.0
GHA,PIG,2017,0.828,30.405
GHA,PIG,2018,0.839,31.513
GHA,PIG,2019,0.853,32.692
GHA,PIG,2020,0.87,34.07
GHA,PIG,2021,0.884,35.317
GHA,PIG,2022,0.887,36.163
GHA,PIG,2023,0.897,37.285
GHA,PIG,2024,0.914,38.744
GHA,PIG,2025,0.932,40.245
GHA,PIG,2026,0.947,41.649
GHA,POULTRY,1990,0.963,16.0
GHA,POULTRY,1991,1.111,19.0
GHA,POULTRY,1992,1.081,19.0
GHA,POULTRY,1993,0.885,16.0
GHA,POULTRY,1994,0.969,18.0
GHA,POULTRY,1995,1.05,20.0
GHA,POULTRY,1996,1.128,22.0
GHA,POULTRY,1997,1.152,23.0
GHA,POULTRY,1998,1.224,25.0
GHA,POULTRY,1999,1.723,36.0
GHA,POULTRY,2000,1.683,36.0
GHA,POULTRY,2001,1.505,33.0
GHA,POULTRY,2002,2.179,49.0
GHA,POULTRY,2003,3.034,70.0
GHA,POULTRY,2004,3.209,76.0
GHA,POULTRY,2005,3.415,83.0
GHA,POULTRY,2006,3.648,91.0
GHA,POULTRY,2007,4.766,122.0
GHA,POULTRY,2008,4.568,120.0
GHA,POULTRY,2009,4.231,114.0
GHA,POULTRY,2010,5.392,149.0
GHA,POULTRY,2011,6.495,184.0
GHA,POULTRY,2012,7.166,208.0
GHA,POULTRY,2013,7.702,229.0
GHA,POULTRY,2014,6.406,195.0
GHA,POULTRY,2015,5.683,177.0
GHA,POULTRY,2016,5.933,189.0
GHA,POULTRY,2017,6.124,199.425
GHA,POULTRY,2018,6.297,209.535
GHA,POULTRY,2019,6.453,219.28
GHA,POULTRY,2020,6.538,226.816
GHA,POULTRY,2021,6.6,233.692
GHA,POULTRY,2022,6.695,241.83
GHA,POULTRY,2023,6.786,249.968
GHA,POULTRY,2024,6.892,258.822
GHA,POULTRY,2025,6.993,267.617
GHA,POULTRY,2026,7.101,276.868
GHA,SHEEP,1990,0.662,11.0
GHA,SHEEP,1991,0.643,11.0
GHA,SHEEP,1992,0.626,11.0
GHA,SHEEP,1993,0.609,11.0
GHA,SHEEP,1994,0.592,11.0
GHA,SHEEP,1995,0.578,11.0
GHA,SHEEP,1996,0.615,12.0
GHA,SHEEP,1997,0.701,14.0
GHA,SHEEP,1998,0.637,13.0
GHA,SHEEP,1999,0.718,15.0
GHA,SHEEP,2000,0.982,21.0
GHA,SHEEP,2001,0.958,21.0
GHA,SHEEP,2002,0.978,22.0
GHA,SHEEP,2003,1.083,25.0
GHA,SHEEP,2004,0.929,22.0
GHA,SHEEP,2005,0.946,23.0
GHA,SHEEP,2006,1.042,26.0
GHA,SHEEP,2007,1.211,31.0
GHA,SHEEP,2008,1.37,36.0
GHA,SHEEP,2009,1.522,41.0
GHA,SHEEP,2010,1.52,42.0
GHA,SHEEP,2011,1.553,44.0
GHA,SHEEP,2012,1.516,44.0
GHA,SHEEP,2013,1.514,45.0
GHA,SHEEP,2014,1.511,46.0
GHA,SHEEP,2015,1.541,48.0
GHA,SHEEP,2016,1.507,48.0
GHA,SHEEP,2017,1.525,49.666
GHA,SHEEP,2018,1.577,52.463
GHA,SHEEP,2019,1.612,54.774
GHA,SHEEP,2020,1.638,56.819
GHA,SHEEP,2021,1.661,58.82
GHA,SHEEP,2022,1.686,60.906
GHA,SHEEP,2023,1.71,62.981
GHA,SHEEP,2024,1.735,65.146
GHA,SHEEP,2025,1.76,67.359
GHA,SHEEP,2026,1.788,69.726
HTI,BEEF,1990,2.366,24.0
HTI,BEEF,1991,2.416,25.0
HTI,BEEF,1992,2.559,27.0
HTI,BEEF,1993,2.696,29.0
HTI,BEEF,1994,2.554,28.0
HTI,BEEF,1995,2.238,25.0
HTI,BEEF,1996,2.548,29.0
HTI,BEEF,1997,2.502,29.0
HTI,BEEF,1998,2.712,32.0
HTI,BEEF,1999,2.582,31.0
HTI,BEEF,2000,3.275,40.0
HTI,BEEF,2001,3.221,40.0
HTI,BEEF,2002,3.328,42.0
HTI,BEEF,2003,3.275,42.0
HTI,BEEF,2004,3.224,42.0
HTI,BEEF,2005,3.4,45.0
HTI,BEEF,2006,3.422,46.0
HTI,BEEF,2007,3.296,45.0
HTI,BEEF,2008,3.246,45.0
HTI,BEEF,2009,3.339,47.0
HTI,BEEF,2010,3.29,47.0
HTI,BEEF,2011,3.45,50.0
HTI,BEEF,2012,3.47,51.0
HTI,BEEF,2013,3.422,51.0
HTI,BEEF,2014,3.509,53.0
HTI,BEEF,2015,3.464,53.0
HTI,BEEF,2016,3.42,53.0
HTI,BEEF,2017,3.429,53.805
HTI,BEEF,2018,3.441,54.641
HTI,BEEF,2019,3.45,55.433
HTI,BEEF,2020,3.46,56.245
HTI,BEEF,2021,3.471,57.062
HTI,BEEF,2022,3.485,57.92
HTI,BEEF,2023,3.501,58.816
HTI,BEEF,2024,3.513,59.645
HTI,BEEF,2025,3.53,60.53
HTI,BEEF,2026,3.548,61.45
HTI,PIG,1990,1.538,14.0
HTI,PIG,1991,1.723,16.0
HTI,PIG,1992,1.901,18.0
HTI,PIG,1993,2.072,20.0
HTI,PIG,1994,1.931,19.0
HTI,PIG,1995,2.593,26.0
HTI,PIG,1996,2.546,26.0
HTI,PIG,1997,2.596,27.0
HTI,PIG,1998,2.739,29.0
HTI,PIG,1999,2.784,30.0
HTI,PIG,2000,2.828,31.0
HTI,PIG,2001,3.23,36.0
HTI,PIG,2002,3.355,38.0
HTI,PIG,2003,3.476,40.0
HTI,PIG,2004,3.165,37.0
HTI,PIG,2005,3.284,39.0
HTI,PIG,2006,3.15,38.0
HTI,PIG,2007,3.346,41.0
HTI,PIG,2008,3.295,41.0
HTI,PIG,2009,3.087,39.0
HTI,PIG,2010,3.042,39.0
HTI,PIG,2011,3.152,41.0
HTI,PIG,2012,3.336,44.0
HTI,PIG,2013,3.29,44.0
HTI,PIG,2014,3.32,45.0
HTI,PIG,2015,3.204,44.0
HTI,PIG,2016,3.164,44.0
HTI,PIG,2017,3.207,45.157
HTI,PIG,2018,3.192,45.493
HTI,PIG,2019,3.201,46.165
HTI,PIG,2020,3.251,47.419
HTI,PIG,2021,3.305,48.757
HTI,PIG,2022,3.327,49.623
HTI,PIG,2023,3.356,50.603
HTI,PIG,2024,3.421,52.113
HTI,PIG,2025,3.513,54.065
HTI,PIG,2026,3.554,55.239
HTI,POULTRY,1990,0.868,7.0
HTI,POULTRY,1991,0.729,6.0
HTI,POULTRY,1992,0.715,6.0
HTI,POULTRY,1993,0.701,6.0
HTI,POULTRY,1994,0.917,8.0
HTI,POULTRY,1995,1.463,13.0
HTI,POULTRY,1996,1.657,15.0
HTI,POULTRY,1997,2.17,20.0
HTI,POULTRY,1998,2.984,28.0
HTI,POULTRY,1999,4.398,42.0
HTI,POULTRY,2000,2.47,24.0
HTI,POULTRY,2001,2.531,25.0
HTI,POULTRY,2002,3.287,33.0
HTI,POULTRY,2003,3.725,38.0
HTI,POULTRY,2004,2.605,27.0
HTI,POULTRY,2005,3.325,35.0
HTI,POULTRY,2006,3.18,34.0
HTI,POULTRY,2007,3.499,38.0
HTI,POULTRY,2008,3.174,35.0
HTI,POULTRY,2009,4.376,49.0
HTI,POULTRY,2010,6.336,72.0
HTI,POULTRY,2011,6.766,78.0
HTI,POULTRY,2012,6.5,76.0
HTI,POULTRY,2013,6.243,74.0
HTI,POULTRY,2014,5.827,70.0
HTI,POULTRY,2015,6.901,84.0
HTI,POULTRY,2016,6.895,85.0
HTI,POULTRY,2017,6.977,87.077
HTI,POULTRY,2018,7.002,88.454
HTI,POULTRY,2019,7.064,90.286
HTI,POULTRY,2020,7.114,91.982
HTI,POULTRY,2021,7.181,93.895
HTI,POULTRY,2022,7.277,96.211
HTI,POULTRY,2023,7.382,98.648
HTI,POULTRY,2024,7.493,101.186
HTI,POULTRY,2025,7.607,103.774
HTI,POULTRY,2026,7.732,106.531
HTI,SHEEP,1990,0.496,4.0
HTI,SHEEP,1991,0.486,4.0
HTI,SHEEP,1992,0.477,4.0
HTI,SHEEP,1993,0.467,4.0
HTI,SHEEP,1994,1.147,10.0
HTI,SHEEP,1995,1.125,10.0
HTI,SHEEP,1996,0.442,4.0
HTI,SHEEP,1997,0.542,5.0
HTI,SHEEP,1998,0.639,6.0
HTI,SHEEP,1999,0.628,6.0
HTI,SHEEP,2000,0.721,7.0
HTI,SHEEP,2001,0.709,7.0
HTI,SHEEP,2002,0.697,7.0
HTI,SHEEP,2003,0.686,7.0
HTI,SHEEP,2004,0.675,7.0
HTI,SHEEP,2005,0.665,7.0
HTI,SHEEP,2006,0.655,7.0
HTI,SHEEP,2007,0.737,8.0
HTI,SHEEP,2008,0.725,8.0
HTI,SHEEP,2009,0.625,7.0
HTI,SHEEP,2010,0.528,6.0
HTI,SHEEP,2011,0.52,6.0
HTI,SHEEP,2012,0.513,6.0
HTI,SHEEP,2013,0.506,6.0
HTI,SHEEP,2014,0.583,7.0
HTI,SHEEP,2015,0.575,7.0
HTI,SHEEP,2016,0.568,7.0
HTI,SHEEP,2017,0.575,7.174
HTI,SHEEP,2018,0.583,7.364
HTI,SHEEP,2019,0.59,7.543
HTI,SHEEP,2020,0.597,7.716
HTI,SHEEP,2021,0.604,7.894
HTI,SHEEP,2022,0.611,8.081
HTI,SHEEP,2023,0.619,8.275
HTI,SHEEP,2024,0.628,8.474
HTI,SHEEP,2025,0.636,8.679
HTI,SHEEP,2026,0.646,8.898
IDN,BEEF,1990,1.181,306.0
IDN,BEEF,1991,1.191,314.0
IDN,BEEF,1992,1.294,347.0
IDN,BEEF,1993,1.478,403.0
IDN,BEEF,1994,1.415,392.0
IDN,BEEF,1995,1.311,369.0
IDN,BEEF,1996,1.46,417.0
IDN,BEEF,1997,1.491,432.0
IDN,BEEF,1998,1.364,401.0
IDN,BEEF,1999,1.288,384.0
IDN,BEEF,2000,1.443,436.0
IDN,BEEF,2001,1.332,408.0
IDN,BEEF,2002,1.307,406.0
IDN,BEEF,2003,1.341,422.0
IDN,BEEF,2004,1.583,505.0
IDN,BEEF,2005,1.315,425.0
IDN,BEEF,2006,1.447,474.0
IDN,BEEF,2007,1.305,433.0
IDN,BEEF,2008,1.46,491.0
IDN,BEEF,2009,1.562,532.0
IDN,BEEF,2010,1.706,589.0
IDN,BEEF,2011,1.727,604.0
IDN,BEEF,2012,1.668,591.0
IDN,BEEF,2013,1.808,649.0
IDN,BEEF,2014,1.898,690.0
IDN,BEEF,2015,1.824,671.0
IDN,BEEF,2016,1.84,685.0
IDN,BEEF,2017,1.869,703.716
IDN,BEEF,2018,1.898,722.29
IDN,BEEF,2019,1.928,741.289
IDN,BEEF,2020,1.959,760.791
IDN,BEEF,2021,1.99,780.274
IDN,BEEF,2022,2.023,800.955
IDN,BEEF,2023,2.059,822.485
IDN,BEEF,2024,2.093,843.615
IDN,BEEF,2025,2.13,865.813
IDN,BEEF,2026,2.169,888.727
IDN,PIG,1990,2.347,546.0
IDN,PIG,1991,2.429,575.0
IDN,PIG,1992,2.434,586.0
IDN,PIG,1993,2.546,623.0
IDN,PIG,1994,2.658,661.0
IDN,PIG,1995,2.269,573.0
IDN,PIG,1996,2.345,601.0
IDN,PIG,1997,2.438,634.0
IDN,PIG,1998,2.362,623.0
IDN,PIG,1999,2.056,550.0
IDN,PIG,2000,1.556,422.0
IDN,PIG,2001,1.724,474.0
IDN,PIG,2002,1.669,465.0
IDN,PIG,2003,1.724,487.0
IDN,PIG,2004,1.691,484.0
IDN,PIG,2005,1.906,553.0
IDN,PIG,2006,2.014,592.0
IDN,PIG,2007,2.011,599.0
IDN,PIG,2008,2.114,638.0
IDN,PIG,2009,2.123,649.0
IDN,PIG,2010,2.247,696.0
IDN,PIG,2011,2.3,722.0
IDN,PIG,2012,2.296,730.0
IDN,PIG,2013,2.31,744.0
IDN,PIG,2014,2.29,747.0
IDN,PIG,2015,2.283,754.0
IDN,PIG,2016,2.263,756.0
IDN,PIG,2017,2.247,759.254
IDN,PIG,2018,2.272,775.924
IDN,PIG,2019,2.274,784.797
IDN,PIG,2020,2.292,798.693
IDN,PIG,2021,2.316,815.019
IDN,PIG,2022,2.339,831.155
IDN,PIG,2023,2.367,848.685
IDN,PIG,2024,2.398,867.376
IDN,PIG,2025,2.433,887.348
IDN,PIG,2026,2.465,906.546
IDN,POULTRY,1990,2.469,509.0
IDN,POULTRY,1991,2.784,584.0
IDN,POULTRY,1992,2.568,548.0
IDN,POULTRY,1993,3.223,699.0
IDN,POULTRY,1994,3.703,816.0
IDN,POULTRY,1995,3.918,877.0
IDN,POULTRY,1996,4.177,949.0
IDN,POULTRY,1997,3.904,900.0
IDN,POULTRY,1998,2.647,619.0
IDN,POULTRY,1999,2.64,626.0
IDN,POULTRY,2000,3.877,932.0
IDN,POULTRY,2001,4.251,1036.0
IDN,POULTRY,2002,4.465,1103.0
IDN,POULTRY,2003,4.538,1136.0
IDN,POULTRY,2004,4.789,1215.0
IDN,POULTRY,2005,4.477,1151.0
IDN,POULTRY,2006,4.948,1289.0
IDN,POULTRY,2007,5.099,1346.0
IDN,POULTRY,2008,5.186,1387.0
IDN,POULTRY,2009,5.292,1434.0
IDN,POULTRY,2010,5.707,1567.0
IDN,POULTRY,2011,6.093,1695.0
IDN,POULTRY,2012,6.273,1768.0
IDN,POULTRY,2013,6.56,1873.0
IDN,POULTRY,2014,6.55,1894.0
IDN,POULTRY,2015,6.717,1966.0
IDN,POULTRY,2016,6.7,1984.0
IDN,POULTRY,2017,6.752,2021.874
IDN,POULTRY,2018,6.802,2058.936
IDN,POULTRY,2019,6.855,2096.43
IDN,POULTRY,2020,6.908,2133.971
IDN,POULTRY,2021,6.96,2171.118
IDN,POULTRY,2022,7.013,2208.482
IDN,POULTRY,2023,7.068,2246.003
IDN,POULTRY,2024,7.123,2283.498
IDN,POULTRY,2025,7.179,2320.872
IDN,POULTRY,2026,7.301,2379.774
IDN,SHEEP,1990,0.437,90.0
IDN,SHEEP,1991,0.448,94.0
IDN,SHEEP,1992,0.469,100.0
IDN,SHEEP,1993,0.516,112.0
IDN,SHEEP,1994,0.454,100.0
IDN,SHEEP,1995,0.424,95.0
IDN,SHEEP,1996,0.44,100.0
IDN,SHEEP,1997,0.469,108.0
IDN,SHEEP,1998,0.351,82.0
IDN,SHEEP,1999,0.329,78.0
IDN,SHEEP,2000,0.329,79.0
IDN,SHEEP,2001,0.386,94.0
IDN,SHEEP,2002,0.514,127.0
IDN,SHEEP,2003,0.575,144.0
IDN,SHEEP,2004,0.489,124.0
IDN,SHEEP,2005,0.459,118.0
IDN,SHEEP,2006,0.541,141.0
IDN,SHEEP,2007,0.458,121.0
IDN,SHEEP,2008,0.426,114.0
IDN,SHEEP,2009,0.476,129.0
IDN,SHEEP,2010,0.419,115.0
IDN,SHEEP,2011,0.41,114.0
IDN,SHEEP,2012,0.394,111.0
IDN,SHEEP,2013,0.399,114.0
IDN,SHEEP,2014,0.401,116.0
IDN,SHEEP,2015,0.407,119.0
IDN,SHEEP,2016,0.405,120.0
IDN,SHEEP,2017,0.404,120.901
IDN,SHEEP,2018,0.407,123.17
IDN,SHEEP,2019,0.411,125.707
IDN,SHEEP,2020,0.416,128.507
IDN,SHEEP,2021,0.421,131.435
IDN,SHEEP,2022,0.427,134.412
IDN,SHEEP,2023,0.433,137.505
IDN,SHEEP,2024,0.438,140.56
IDN,SHEEP,2025,0.444,143.604
IDN,SHEEP,2026,0.45,146.618
IND,BEEF,1990,1.649,2051.0
IND,BEEF,1991,1.622,2059.0
IND,BEEF,1992,1.616,2092.0
IND,BEEF,1993,1.576,2081.0
IND,BEEF,1994,1.542,2076.0
IND,BEEF,1995,1.487,2041.0
IND,BEEF,1996,1.467,2053.0
IND,BEEF,1997,1.435,2045.0
IND,BEEF,1998,1.427,2072.0
IND,BEEF,1999,1.395,2063.0
IND,BEEF,2000,1.295,1949.0
IND,BEEF,2001,1.306,2000.0
IND,BEEF,2002,1.253,1951.0
IND,BEEF,2003,1.176,1862.0
IND,BEEF,2004,1.152,1854.0
IND,BEEF,2005,1.086,1775.0
IND,BEEF,2006,1.06,1760.0
IND,BEEF,2007,1.067,1799.0
IND,BEEF,2008,1.063,1818.0
IND,BEEF,2009,1.091,1893.0
IND,BEEF,2010,0.934,1642.0
IND,BEEF,2011,0.749,1335.0
IND,BEEF,2012,0.667,1204.0
IND,BEEF,2013,0.454,830.0
IND,BEEF,2014,0.372,688.0
IND,BEEF,2015,0.508,952.0
IND,BEEF,2016,0.52,985.0
IND,BEEF,2017,0.526,1009.386
IND,BEEF,2018,0.526,1021.431
IND,BEEF,2019,0.523,1026.712
IND,BEEF,2020,0.522,1035.501
IND,BEEF,2021,0.523,1049.815
IND,BEEF,2022,0.525,1064.132
IND,BEEF,2023,0.526,1076.278
IND,BEEF,2024,0.525,1086.176
IND,BEEF,2025,0.526,1098.091
IND,BEEF,2026,0.529,1114.992
IND,PIG,1990,0.37,413.0
IND,PIG,1991,0.375,427.0
IND,PIG,1992,0.382,444.0
IND,PIG,1993,0.378,448.0
IND,PIG,1994,0.373,451.0
IND,PIG,1995,0.369,454.0
IND,PIG,1996,0.444,558.0
IND,PIG,1997,0.363,465.0
IND,PIG,1998,0.355,463.0
IND,PIG,1999,0.35,465.0
IND,PIG,2000,0.345,466.0
IND,PIG,2001,0.339,466.0
IND,PIG,2002,0.335,468.0
IND,PIG,2003,0.331,470.0
IND,PIG,2004,0.307,443.0
IND,PIG,2005,0.29,425.0
IND,PIG,2006,0.271,404.0
IND,PIG,2007,0.255,385.0
IND,PIG,2008,0.248,380.0
IND,PIG,2009,0.243,379.0
IND,PIG,2010,0.234,370.0
IND,PIG,2011,0.228,364.0
IND,PIG,2012,0.221,358.0
IND,PIG,2013,0.216,355.0
IND,PIG,2014,0.214,356.0
IND,PIG,2015,0.213,358.0
IND,PIG,2016,0.21,357.0
IND,PIG,2017,0.208,358.862
IND,PIG,2018,0.215,374.079
IND,PIG,2019,0.217,382.236
IND,PIG,2020,0.22,392.571
IND,PIG,2021,0.223,401.774
IND,PIG,2022,0.226,411.193
IND,PIG,2023,0.229,420.963
IND,PIG,2024,0.232,431.118
IND,PIG,2025,0.235,440.511
IND,PIG,2026,0.238,450.064
IND,POULTRY,1990,0.396,392.0
IND,POULTRY,1991,0.518,523.0
IND,POULTRY,1992,0.524,540.0
IND,POULTRY,1993,0.579,608.0
IND,POULTRY,1994,0.583,625.0
IND,POULTRY,1995,0.588,642.0
IND,POULTRY,1996,0.592,659.0
IND,POULTRY,1997,0.586,665.0
IND,POULTRY,1998,0.639,738.0
IND,POULTRY,1999,0.689,810.0
IND,POULTRY,2000,0.755,904.0
IND,POULTRY,2001,0.791,963.0
IND,POULTRY,2002,0.91,1127.0
IND,POULTRY,2003,0.986,1242.0
IND,POULTRY,2004,1.047,1340.0
IND,POULTRY,2005,1.107,1440.0
IND,POULTRY,2006,1.177,1554.0
IND,POULTRY,2007,1.335,1789.0
IND,POULTRY,2008,1.409,1917.0
IND,POULTRY,2009,1.537,2120.0
IND,POULTRY,2010,1.588,2222.0
IND,POULTRY,2011,1.592,2257.0
IND,POULTRY,2012,1.604,2303.0
IND,POULTRY,2013,1.618,2352.0
IND,POULTRY,2014,1.724,2537.0
IND,POULTRY,2015,1.784,2658.0
IND,POULTRY,2016,1.9,2865.0
IND,POULTRY,2017,1.958,2986.341
IND,POULTRY,2018,2.001,3088.219
IND,POULTRY,2019,2.041,3185.096
IND,POULTRY,2020,2.076,3277.226
IND,POULTRY,2021,2.114,3372.775
IND,POULTRY,2022,2.151,3467.707
IND,POULTRY,2023,2.191,3568.85
IND,POULTRY,2024,2.228,3665.665
IND,POULTRY,2025,2.268,3766.339
IND,POULTRY,2026,2.302,3860.091
IND,SHEEP,1990,0.61,603.0
IND,SHEEP,1991,0.605,611.0
IND,SHEEP,1992,0.601,619.0
IND,SHEEP,1993,0.594,624.0
IND,SHEEP,1994,0.584,626.0
IND,SHEEP,1995,0.599,654.0
IND,SHEEP,1996,0.596,663.0
IND,SHEEP,1997,0.593,672.0
IND,SHEEP,1998,0.588,679.0
IND,SHEEP,1999,0.58,682.0
IND,SHEEP,2000,0.571,684.0
IND,SHEEP,2001,0.571,696.0
IND,SHEEP,2002,0.58,718.0
IND,SHEEP,2003,0.545,687.0
IND,SHEEP,2004,0.544,696.0
IND,SHEEP,2005,0.539,701.0
IND,SHEEP,2006,0.58,766.0
IND,SHEEP,2007,0.591,792.0
IND,SHEEP,2008,0.568,773.0
IND,SHEEP,2009,0.518,715.0
IND,SHEEP,2010,0.543,760.0
IND,SHEEP,2011,0.531,753.0
IND,SHEEP,2012,0.517,743.0
IND,SHEEP,2013,0.5,727.0
IND,SHEEP,2014,0.488,718.0
IND,SHEEP,2015,0.475,708.0
IND,SHEEP,2016,0.469,707.0
IND,SHEEP,2017,0.465,709.13
IND,SHEEP,2018,0.463,713.855
IND,SHEEP,2019,0.46,718.363
IND,SHEEP,2020,0.457,721.911
IND,SHEEP,2021,0.455,725.462
IND,SHEEP,2022,0.452,729.022
IND,SHEEP,2023,0.45,732.805
IND,SHEEP,2024,0.448,736.586
IND,SHEEP,2025,0.446,740.451
IND,SHEEP,2026,0.444,744.42
IRN,BEEF,1990,4.312,346.0
IRN,BEEF,1991,3.568,292.0
IRN,BEEF,1992,3.444,286.0
IRN,BEEF,1993,3.868,325.0
IRN,BEEF,1994,3.718,316.0
IRN,BEEF,1995,3.586,309.0
IRN,BEEF,1996,4.407,386.0
IRN,BEEF,1997,4.34,387.0
IRN,BEEF,1998,4.28,389.0
IRN,BEEF,1999,3.533,327.0
IRN,BEEF,2000,3.178,299.0
IRN,BEEF,2001,3.436,328.0
IRN,BEEF,2002,3.195,309.0
IRN,BEEF,2003,3.719,364.0
IRN,BEEF,2004,4.14,410.0
IRN,BEEF,2005,3.853,386.0
IRN,BEEF,2006,4.491,455.0
IRN,BEEF,2007,4.695,481.0
IRN,BEEF,2008,3.831,397.0
IRN,BEEF,2009,3.597,377.0
IRN,BEEF,2010,4.384,465.0
IRN,BEEF,2011,4.162,447.0
IRN,BEEF,2012,3.474,378.0
IRN,BEEF,2013,3.23,356.0
IRN,BEEF,2014,3.368,376.0
IRN,BEEF,2015,3.079,348.0
IRN,BEEF,2016,3.332,381.0
IRN,BEEF,2017,3.349,387.291
IRN,BEEF,2018,3.343,390.709
IRN,BEEF,2019,3.324,392.324
IRN,BEEF,2020,3.314,394.908
IRN,BEEF,2021,3.319,398.84
IRN,BEEF,2022,3.324,402.69
IRN,BEEF,2023,3.328,406.054
IRN,BEEF,2024,3.329,408.823
IRN,BEEF,2025,3.335,412.116
IRN,BEEF,2026,3.353,416.62
IRN,PIG,1990,0.0,0.0
IRN,PIG,1991,0.0,0.0
IRN,PIG,1992,0.0,0.0
IRN,PIG,1993,0.0,0.0
IRN,PIG,1994,0.0,0.0
IRN,PIG,1995,0.0,0.0
IRN,PIG,1996,0.0,0.0
IRN,PIG,1997,0.0,0.0
IRN,PIG,1998,0.0,0.0
IRN,PIG,1999,0.0,0.0
IRN,PIG,2000,0.0,0.0
IRN,PIG,2001,0.0,0.0
IRN,PIG,2002,0.0,0.0
IRN,PIG,2003,0.0,0.0
IRN,PIG,2004,0.0,0.0
IRN,PIG,2005,0.0,0.0
IRN,PIG,2006,0.0,0.0
IRN,PIG,2007,0.0,0.0
IRN,PIG,2008,0.0,0.0
IRN,PIG,2009,0.0,0.0
IRN,PIG,2010,0.011,1.0
IRN,PIG,2011,0.0,0.0
IRN,PIG,2012,0.01,1.0
IRN,PIG,2013,0.0,0.0
IRN,PIG,2014,0.0,0.0
IRN,PIG,2015,0.0,0.0
IRN,PIG,2016,0.0,0.0
IRN,PIG,2017,0.0,0.001
IRN,PIG,2018,0.0,0.001
IRN,PIG,2019,0.0,0.001
IRN,PIG,2020,0.0,0.001
IRN,PIG,2021,0.0,0.001
IRN,PIG,2022,0.0,0.001
IRN,PIG,2023,0.0,0.001
IRN,PIG,2024,0.0,0.001
IRN,PIG,2025,0.0,0.001
IRN,PIG,2026,0.0,0.001
IRN,POULTRY,1990,6.188,395.0
IRN,POULTRY,1991,6.713,437.0
IRN,POULTRY,1992,8.584,567.0
IRN,POULTRY,1993,9.412,629.0
IRN,POULTRY,1994,9.406,636.0
IRN,POULTRY,1995,9.614,659.0
IRN,POULTRY,1996,9.789,682.0
IRN,POULTRY,1997,10.262,728.0
IRN,POULTRY,1998,10.347,748.0
IRN,POULTRY,1999,10.256,755.0
IRN,POULTRY,2000,11.252,842.0
IRN,POULTRY,2001,11.801,896.0
IRN,POULTRY,2002,12.401,954.0
IRN,POULTRY,2003,14.217,1107.0
IRN,POULTRY,2004,14.865,1171.0
IRN,POULTRY,2005,15.511,1236.0
IRN,POULTRY,2006,16.837,1357.0
IRN,POULTRY,2007,18.478,1506.0
IRN,POULTRY,2008,19.024,1568.0
IRN,POULTRY,2009,23.976,1999.0
IRN,POULTRY,2010,22.257,1878.0
IRN,POULTRY,2011,22.882,1955.0
IRN,POULTRY,2012,22.833,1976.0
IRN,POULTRY,2013,22.23,1949.0
IRN,POULTRY,2014,22.376,1987.0
IRN,POULTRY,2015,23.049,2072.0
IRN,POULTRY,2016,22.89,2082.0
IRN,POULTRY,2017,22.431,2063.257
IRN,POULTRY,2018,22.572,2098.48
IRN,POULTRY,2019,22.757,2136.897
IRN,POULTRY,2020,22.939,2174.053
IRN,POULTRY,2021,23.173,2215.203
IRN,POULTRY,2022,23.466,2261.038
IRN,POULTRY,2023,23.677,2297.904
IRN,POULTRY,2024,23.909,2335.875
IRN,POULTRY,2025,24.093,2368.11
IRN,POULTRY,2026,24.297,2401.418
IRN,SHEEP,1990,5.53,353.0
IRN,SHEEP,1991,6.283,409.0
IRN,SHEEP,1992,6.222,411.0
IRN,SHEEP,1993,5.851,391.0
IRN,SHEEP,1994,5.664,383.0
IRN,SHEEP,1995,5.588,383.0
IRN,SHEEP,1996,5.885,410.0
IRN,SHEEP,1997,5.878,417.0
IRN,SHEEP,1998,6.073,439.0
IRN,SHEEP,1999,5.42,399.0
IRN,SHEEP,2000,5.827,436.0
IRN,SHEEP,2001,5.848,444.0
IRN,SHEEP,2002,5.85,450.0
IRN,SHEEP,2003,5.355,417.0
IRN,SHEEP,2004,5.421,427.0
IRN,SHEEP,2005,5.522,440.0
IRN,SHEEP,2006,4.901,395.0
IRN,SHEEP,2007,4.245,346.0
IRN,SHEEP,2008,3.676,303.0
IRN,SHEEP,2009,3.01,251.0
IRN,SHEEP,2010,2.809,237.0
IRN,SHEEP,2011,3.02,258.0
IRN,SHEEP,2012,3.235,280.0
IRN,SHEEP,2013,3.125,274.0
IRN,SHEEP,2014,3.176,282.0
IRN,SHEEP,2015,3.248,292.0
IRN,SHEEP,2016,3.254,296.0
IRN,SHEEP,2017,3.199,294.266
IRN,SHEEP,2018,3.248,301.924
IRN,SHEEP,2019,3.292,309.086
IRN,SHEEP,2020,3.346,317.078
IRN,SHEEP,2021,3.409,325.881
IRN,SHEEP,2022,3.48,335.303
IRN,SHEEP,2023,3.538,343.411
IRN,SHEEP,2024,3.601,351.773
IRN,SHEEP,2025,3.656,359.343
IRN,SHEEP,2026,3.715,367.206
ISR,BEEF,1990,9.957,64.0
ISR,BEEF,1991,12.366,82.0
ISR,BEEF,1992,10.048,69.0
ISR,BEEF,1993,10.671,76.0
ISR,BEEF,1994,13.962,103.0
ISR,BEEF,1995,12.341,94.0
ISR,BEEF,1996,13.652,107.0
ISR,BEEF,1997,14.423,116.0
ISR,BEEF,1998,13.723,113.0
ISR,BEEF,1999,13.427,113.0
ISR,BEEF,2000,16.529,142.0
ISR,BEEF,2001,15.188,133.0
ISR,BEEF,2002,17.836,159.0
ISR,BEEF,2003,18.407,167.0
ISR,BEEF,2004,18.392,170.0
ISR,BEEF,2005,16.854,159.0
ISR,BEEF,2006,21.866,211.0
ISR,BEEF,2007,19.926,197.0
ISR,BEEF,2008,23.485,238.0
ISR,BEEF,2009,17.927,186.0
ISR,BEEF,2010,18.961,201.0
ISR,BEEF,2011,19.621,212.0
ISR,BEEF,2012,19.286,212.0
ISR,BEEF,2013,20.594,230.0
ISR,BEEF,2014,20.367,231.0
ISR,BEEF,2015,20.226,233.0
ISR,BEEF,2016,19.909,233.0
ISR,BEEF,2017,20.009,237.916
ISR,BEEF,2018,20.036,242.02
ISR,BEEF,2019,20.013,245.521
ISR,BEEF,2020,20.021,249.354
ISR,BEEF,2021,20.059,253.538
ISR,BEEF,2022,20.115,257.937
ISR,BEEF,2023,20.157,262.157
ISR,BEEF,2024,20.211,266.54
ISR,BEEF,2025,20.253,270.784
ISR,BEEF,2026,20.242,274.337
ISR,PIG,1990,1.56,9.0
ISR,PIG,1991,1.512,9.0
ISR,PIG,1992,1.46,9.0
ISR,PIG,1993,1.408,9.0
ISR,PIG,1994,1.359,9.0
ISR,PIG,1995,1.609,11.0
ISR,PIG,1996,1.422,10.0
ISR,PIG,1997,1.663,12.0
ISR,PIG,1998,1.624,12.0
ISR,PIG,1999,1.192,9.0
ISR,PIG,2000,1.946,15.0
ISR,PIG,2001,2.036,16.0
ISR,PIG,2002,2.0,16.0
ISR,PIG,2003,2.088,17.0
ISR,PIG,2004,2.17,18.0
ISR,PIG,2005,2.244,19.0
ISR,PIG,2006,2.079,18.0
ISR,PIG,2007,2.029,18.0
ISR,PIG,2008,2.089,19.0
ISR,PIG,2009,2.148,20.0
ISR,PIG,2010,1.997,19.0
ISR,PIG,2011,1.856,18.0
ISR,PIG,2012,1.926,19.0
ISR,PIG,2013,1.596,16.0
ISR,PIG,2014,1.572,16.0
ISR,PIG,2015,1.644,17.0
ISR,PIG,2016,1.619,17.0
ISR,PIG,2017,1.593,17.0
ISR,PIG,2018,1.568,17.0
ISR,PIG,2019,1.544,17.0
ISR,PIG,2020,1.521,17.0
ISR,PIG,2021,1.499,17.0
ISR,PIG,2022,1.477,17.0
ISR,PIG,2023,1.457,17.0
ISR,PIG,2024,1.436,17.0
ISR,PIG,2025,1.417,17.0
ISR,PIG,2026,1.398,17.0
ISR,POULTRY,1990,34.424,176.0
ISR,POULTRY,1991,36.022,190.0
ISR,POULTRY,1992,38.444,210.0
ISR,POULTRY,1993,39.89,226.0
ISR,POULTRY,1994,42.263,248.0
ISR,POULTRY,1995,40.603,246.0
ISR,POULTRY,1996,40.902,255.0
ISR,POULTRY,1997,40.483,259.0
ISR,POULTRY,1998,40.151,263.0
ISR,POULTRY,1999,40.928,274.0
ISR,POULTRY,2000,58.972,403.0
ISR,POULTRY,2001,63.596,443.0
ISR,POULTRY,2002,63.036,447.0
ISR,POULTRY,2003,61.246,442.0
ISR,POULTRY,2004,62.293,458.0
ISR,POULTRY,2005,63.831,479.0
ISR,POULTRY,2006,66.05,507.0
ISR,POULTRY,2007,64.976,511.0
ISR,POULTRY,2008,63.639,513.0
ISR,POULTRY,2009,63.489,524.0
ISR,POULTRY,2010,63.684,537.0
ISR,POULTRY,2011,63.295,544.0
ISR,POULTRY,2012,65.532,573.0
ISR,POULTRY,2013,59.208,526.0
ISR,POULTRY,2014,58.079,524.0
ISR,POULTRY,2015,57.728,529.0
ISR,POULTRY,2016,57.038,531.0
ISR,POULTRY,2017,56.929,538.449
ISR,POULTRY,2018,56.867,546.412
ISR,POULTRY,2019,56.831,554.59
ISR,POULTRY,2020,56.786,562.582
ISR,POULTRY,2021,56.753,570.596
ISR,POULTRY,2022,56.743,578.78
ISR,POULTRY,2023,56.76,587.21
ISR,POULTRY,2024,56.796,595.819
ISR,POULTRY,2025,56.84,604.522
ISR,POULTRY,2026,56.89,613.302
ISR,SHEEP,1990,1.174,6.0
ISR,SHEEP,1991,1.138,6.0
ISR,SHEEP,1992,1.098,6.0
ISR,SHEEP,1993,1.236,7.0
ISR,SHEEP,1994,1.363,8.0
ISR,SHEEP,1995,1.32,8.0
ISR,SHEEP,1996,1.283,8.0
ISR,SHEEP,1997,0.938,6.0
ISR,SHEEP,1998,1.221,8.0
ISR,SHEEP,1999,1.195,8.0
ISR,SHEEP,2000,1.317,9.0
ISR,SHEEP,2001,1.292,9.0
ISR,SHEEP,2002,1.128,8.0
ISR,SHEEP,2003,1.247,9.0
ISR,SHEEP,2004,1.088,8.0
ISR,SHEEP,2005,1.199,9.0
ISR,SHEEP,2006,1.303,10.0
ISR,SHEEP,2007,1.272,10.0
ISR,SHEEP,2008,1.489,12.0
ISR,SHEEP,2009,1.454,12.0
ISR,SHEEP,2010,1.66,14.0
ISR,SHEEP,2011,1.862,16.0
ISR,SHEEP,2012,1.83,16.0
ISR,SHEEP,2013,1.801,16.0
ISR,SHEEP,2014,1.884,17.0
ISR,SHEEP,2015,1.855,17.0
ISR,SHEEP,2016,1.826,17.0
ISR,SHEEP,2017,1.819,17.205
ISR,SHEEP,2018,1.822,17.503
ISR,SHEEP,2019,1.821,17.767
ISR,SHEEP,2020,1.819,18.023
ISR,SHEEP,2021,1.819,18.292
ISR,SHEEP,2022,1.819,18.558
ISR,SHEEP,2023,1.82,18.827
ISR,SHEEP,2024,1.821,19.098
ISR,SHEEP,2025,1.822,19.374
ISR,SHEEP,2026,1.823,19.656
JPN,BEEF,1990,6.111,1067.242
JPN,BEEF,1991,6.517,1142.37
JPN,BEEF,1992,6.766,1190.669
JPN,BEEF,1993,7.406,1308.383
JPN,BEEF,1994,8.129,1441.189
JPN,BEEF,1995,8.536,1517.9
JPN,BEEF,1996,8.084,1441.213
JPN,BEEF,1997,8.192,1463.358
JPN,BEEF,1998,8.307,1486.629
JPN,BEEF,1999,8.294,1486.738
JPN,BEEF,2000,8.742,1570.034
JPN,BEEF,2001,7.127,1282.591
JPN,BEEF,2002,7.221,1302.383
JPN,BEEF,2003,7.065,1276.909
JPN,BEEF,2004,7.041,1275.117
JPN,BEEF,2005,6.301,1142.901
JPN,BEEF,2006,6.25,1135.178
JPN,BEEF,2007,6.442,1171.14
JPN,BEEF,2008,6.447,1172.563
JPN,BEEF,2009,6.554,1192.209
JPN,BEEF,2010,6.771,1231.567
JPN,BEEF,2011,6.788,1233.994
JPN,BEEF,2012,6.799,1234.866
JPN,BEEF,2013,6.797,1233.086
JPN,BEEF,2014,6.761,1224.719
JPN,BEEF,2015,6.565,1187.077
JPN,BEEF,2016,6.598,1190.63
JPN,BEEF,2017,6.617,1191.576
JPN,BEEF,2018,6.657,1195.709
JPN,BEEF,2019,6.657,1192.63
JPN,BEEF,2020,6.679,1192.99
JPN,BEEF,2021,6.701,1193.316
JPN,BEEF,2022,6.725,1193.588
JPN,BEEF,2023,6.753,1194.224
JPN,BEEF,2024,6.778,1194.215
JPN,BEEF,2025,6.808,1194.748
JPN,BEEF,2026,6.845,1196.221
JPN,PIG,1990,13.219,2071.813
JPN,PIG,1991,13.239,2082.681
JPN,PIG,1992,13.233,2089.851
JPN,PIG,1993,13.114,2079.114
JPN,PIG,1994,13.18,2097.024
JPN,PIG,1995,13.226,2110.846
JPN,PIG,1996,13.88,2220.733
JPN,PIG,1997,12.88,2064.941
JPN,PIG,1998,12.772,2051.12
JPN,PIG,1999,13.054,2099.959
JPN,PIG,2000,13.525,2179.85
JPN,PIG,2001,13.848,2236.454
JPN,PIG,2002,14.522,2350.443
JPN,PIG,2003,14.284,2316.988
JPN,PIG,2004,15.222,2474.045
JPN,PIG,2005,15.11,2459.773
JPN,PIG,2006,14.137,2304.243
JPN,PIG,2007,14.401,2349.367
JPN,PIG,2008,14.648,2390.896
JPN,PIG,2009,14.294,2333.597
JPN,PIG,2010,14.486,2364.554
JPN,PIG,2011,14.741,2404.854
JPN,PIG,2012,14.662,2389.876
JPN,PIG,2013,14.641,2383.58
JPN,PIG,2014,14.837,2411.883
JPN,PIG,2015,15.052,2442.487
JPN,PIG,2016,15.353,2486.535
JPN,PIG,2017,15.414,2490.806
JPN,PIG,2018,15.364,2476.651
JPN,PIG,2019,15.385,2473.447
JPN,PIG,2020,15.392,2467.513
JPN,PIG,2021,15.4,2460.955
JPN,PIG,2022,15.41,2454.423
JPN,PIG,2023,15.439,2450.192
JPN,PIG,2024,15.453,2443.332
JPN,PIG,2025,15.476,2437.262
JPN,PIG,2026,15.544,2437.882
JPN,POULTRY,1990,12.845,1784.404
JPN,POULTRY,1991,12.055,1680.944
JPN,POULTRY,1992,12.408,1736.809
JPN,POULTRY,1993,12.151,1707.512
JPN,POULTRY,1994,12.163,1715.263
JPN,POULTRY,1995,12.437,1759.25
JPN,POULTRY,1996,12.549,1779.536
JPN,POULTRY,1997,12.307,1748.858
JPN,POULTRY,1998,12.133,1727.12
JPN,POULTRY,1999,12.185,1737.49
JPN,POULTRY,2000,12.201,1743.008
JPN,POULTRY,2001,12.147,1738.829
JPN,POULTRY,2002,12.024,1725.088
JPN,POULTRY,2003,12.0,1725.377
JPN,POULTRY,2004,11.094,1598.226
JPN,POULTRY,2005,11.49,1657.95
JPN,POULTRY,2006,12.0,1733.69
JPN,POULTRY,2007,11.871,1716.56
JPN,POULTRY,2008,11.957,1729.99
JPN,POULTRY,2009,12.279,1776.86
JPN,POULTRY,2010,12.661,1831.86
JPN,POULTRY,2011,12.338,1784.074
JPN,POULTRY,2012,13.121,1895.72
JPN,POULTRY,2013,13.101,1890.43
JPN,POULTRY,2014,13.481,1942.4
JPN,POULTRY,2015,14.036,2018.86
JPN,POULTRY,2016,14.073,2020.199
JPN,POULTRY,2017,14.271,2044.05
JPN,POULTRY,2018,14.489,2070.193
JPN,POULTRY,2019,14.526,2070.01
JPN,POULTRY,2020,14.543,2066.406
JPN,POULTRY,2021,14.551,2061.11
JPN,POULTRY,2022,14.604,2061.651
JPN,POULTRY,2023,14.639,2059.261
JPN,POULTRY,2024,14.688,2058.389
JPN,POULTRY,2025,14.733,2056.541
JPN,POULTRY,2026,14.768,2053.019
JPN,SHEEP,1990,0.757,105.12
JPN,SHEEP,1991,0.773,107.753
JPN,SHEEP,1992,0.811,113.532
JPN,SHEEP,1993,0.683,95.979
JPN,SHEEP,1994,0.572,80.637
JPN,SHEEP,1995,0.585,82.76
JPN,SHEEP,1996,0.505,71.57
JPN,SHEEP,1997,0.444,63.16
JPN,SHEEP,1998,0.426,60.62
JPN,SHEEP,1999,0.357,50.97
JPN,SHEEP,2000,0.324,46.34
JPN,SHEEP,2001,0.311,44.52
JPN,SHEEP,2002,0.297,42.67
JPN,SHEEP,2003,0.255,36.67
JPN,SHEEP,2004,0.323,46.46
JPN,SHEEP,2005,0.368,53.06
JPN,SHEEP,2006,0.37,53.49
JPN,SHEEP,2007,0.267,38.59
JPN,SHEEP,2008,0.27,39.05
JPN,SHEEP,2009,0.273,39.44
JPN,SHEEP,2010,0.219,31.62
JPN,SHEEP,2011,0.22,31.86
JPN,SHEEP,2012,0.19,27.456
JPN,SHEEP,2013,0.126,18.168
JPN,SHEEP,2014,0.142,20.39
JPN,SHEEP,2015,0.132,19.0
JPN,SHEEP,2016,0.146,21.0
JPN,SHEEP,2017,0.147,21.067
JPN,SHEEP,2018,0.146,20.924
JPN,SHEEP,2019,0.143,20.442
JPN,SHEEP,2020,0.14,19.941
JPN,SHEEP,2021,0.137,19.454
JPN,SHEEP,2022,0.134,18.949
JPN,SHEEP,2023,0.131,18.447
JPN,SHEEP,2024,0.128,17.949
JPN,SHEEP,2025,0.125,17.457
JPN,SHEEP,2026,0.122,16.979
KAZ,BEEF,1990,,710.0
KAZ,BEEF,1991,,724.0
KAZ,BEEF,1992,25.26,593.0
KAZ,BEEF,1993,28.004,652.0
KAZ,BEEF,1994,26.7,615.0
KAZ,BEEF,1995,22.68,516.0
KAZ,BEEF,1996,19.567,439.0
KAZ,BEEF,1997,16.475,364.0
KAZ,BEEF,1998,15.802,344.0
KAZ,BEEF,1999,15.85,341.0
KAZ,BEEF,2000,14.462,309.0
KAZ,BEEF,2001,13.585,290.0
KAZ,BEEF,2002,13.943,299.0
KAZ,BEEF,2003,14.703,318.0
KAZ,BEEF,2004,15.836,346.0
KAZ,BEEF,2005,16.898,373.0
KAZ,BEEF,2006,18.17,405.0
KAZ,BEEF,2007,19.371,436.0
KAZ,BEEF,2008,19.659,447.0
KAZ,BEEF,2009,18.785,432.0
KAZ,BEEF,2010,18.583,433.0
KAZ,BEEF,2011,17.295,409.0
KAZ,BEEF,2012,16.645,400.0
KAZ,BEEF,2013,16.907,413.0
KAZ,BEEF,2014,17.206,427.0
KAZ,BEEF,2015,17.237,434.0
KAZ,BEEF,2016,17.25,440.0
KAZ,BEEF,2017,17.222,444.45
KAZ,BEEF,2018,17.035,444.293
KAZ,BEEF,2019,16.967,446.925
KAZ,BEEF,2020,17.013,452.454
KAZ,BEEF,2021,17.2,461.681
KAZ,BEEF,2022,17.415,471.635
KAZ,BEEF,2023,17.601,480.729
KAZ,BEEF,2024,17.808,490.29
KAZ,BEEF,2025,17.991,499.112
KAZ,BEEF,2026,18.172,507.788
KAZ,PIG,1990,,286.0
KAZ,PIG,1991,,274.0
KAZ,PIG,1992,10.49,221.0
KAZ,PIG,1993,9.38,196.0
KAZ,PIG,1994,7.547,156.0
KAZ,PIG,1995,5.289,108.0
KAZ,PIG,1996,5.364,108.0
KAZ,PIG,1997,4.287,85.0
KAZ,PIG,1998,4.248,83.0
KAZ,PIG,1999,5.076,98.0
KAZ,PIG,2000,7.249,139.0
KAZ,PIG,2001,9.709,186.0
KAZ,PIG,2002,10.081,194.0
KAZ,PIG,2003,9.944,193.0
KAZ,PIG,2004,10.506,206.0
KAZ,PIG,2005,10.601,210.0
KAZ,PIG,2006,10.648,213.0
KAZ,PIG,2007,10.842,219.0
KAZ,PIG,2008,11.86,242.0
KAZ,PIG,2009,11.677,241.0
KAZ,PIG,2010,10.808,226.0
KAZ,PIG,2011,10.601,225.0
KAZ,PIG,2012,5.518,119.0
KAZ,PIG,2013,5.337,117.0
KAZ,PIG,2014,4.984,111.0
KAZ,PIG,2015,4.691,106.0
KAZ,PIG,2016,4.587,105.0
KAZ,PIG,2017,4.555,105.49
KAZ,PIG,2018,4.463,104.461
KAZ,PIG,2019,4.443,105.036
KAZ,PIG,2020,4.466,106.58
KAZ,PIG,2021,4.507,108.568
KAZ,PIG,2022,4.52,109.844
KAZ,PIG,2023,4.561,111.791
KAZ,PIG,2024,4.616,114.047
KAZ,PIG,2025,4.672,116.314
KAZ,PIG,2026,4.718,118.306
KAZ,POULTRY,1990,,201.0
KAZ,POULTRY,1991,,185.0
KAZ,POULTRY,1992,7.55,141.0
KAZ,POULTRY,1993,6.263,116.0
KAZ,POULTRY,1994,4.421,81.0
KAZ,POULTRY,1995,3.094,56.0
KAZ,POULTRY,1996,3.026,54.0
KAZ,POULTRY,1997,3.186,56.0
KAZ,POULTRY,1998,3.176,55.0
KAZ,POULTRY,1999,2.454,42.0
KAZ,POULTRY,2000,3.118,53.0
KAZ,POULTRY,2001,3.946,67.0
KAZ,POULTRY,2002,4.924,84.0
KAZ,POULTRY,2003,5.58,96.0
KAZ,POULTRY,2004,7.02,122.0
KAZ,POULTRY,2005,8.884,156.0
KAZ,POULTRY,2006,12.126,215.0
KAZ,POULTRY,2007,11.618,208.0
KAZ,POULTRY,2008,10.837,196.0
KAZ,POULTRY,2009,10.331,189.0
KAZ,POULTRY,2010,12.247,227.0
KAZ,POULTRY,2011,13.077,246.0
KAZ,POULTRY,2012,15.171,290.0
KAZ,POULTRY,2013,14.41,280.0
KAZ,POULTRY,2014,14.691,290.0
KAZ,POULTRY,2015,14.879,298.0
KAZ,POULTRY,2016,14.046,285.0
KAZ,POULTRY,2017,13.982,287.021
KAZ,POULTRY,2018,13.94,289.196
KAZ,POULTRY,2019,13.961,292.529
KAZ,POULTRY,2020,14.015,296.482
KAZ,POULTRY,2021,14.159,302.324
KAZ,POULTRY,2022,14.295,307.958
KAZ,POULTRY,2023,14.447,313.859
KAZ,POULTRY,2024,14.603,319.814
KAZ,POULTRY,2025,14.766,325.858
KAZ,POULTRY,2026,14.929,331.833
KAZ,SHEEP,1990,,278.0
KAZ,SHEEP,1991,,270.0
KAZ,SHEEP,1992,12.477,233.0
KAZ,SHEEP,1993,14.201,263.0
KAZ,SHEEP,1994,13.099,240.0
KAZ,SHEEP,1995,10.609,192.0
KAZ,SHEEP,1996,9.246,165.0
KAZ,SHEEP,1997,8.307,146.0
KAZ,SHEEP,1998,6.872,119.0
KAZ,SHEEP,1999,5.785,99.0
KAZ,SHEEP,2000,5.589,95.0
KAZ,SHEEP,2001,5.712,97.0
KAZ,SHEEP,2002,5.98,102.0
KAZ,SHEEP,2003,5.58,96.0
KAZ,SHEEP,2004,5.869,102.0
KAZ,SHEEP,2005,6.094,107.0
KAZ,SHEEP,2006,6.486,115.0
KAZ,SHEEP,2007,6.926,124.0
KAZ,SHEEP,2008,7.243,131.0
KAZ,SHEEP,2009,7.38,135.0
KAZ,SHEEP,2010,7.715,143.0
KAZ,SHEEP,2011,7.974,150.0
KAZ,SHEEP,2012,8.109,155.0
KAZ,SHEEP,2013,8.08,157.0
KAZ,SHEEP,2014,8.105,160.0
KAZ,SHEEP,2015,8.038,161.0
KAZ,SHEEP,2016,7.984,162.0
KAZ,SHEEP,2017,7.891,161.978
KAZ,SHEEP,2018,7.814,162.103
KAZ,SHEEP,2019,7.806,163.559
KAZ,SHEEP,2020,7.813,165.292
KAZ,SHEEP,2021,7.865,167.934
KAZ,SHEEP,2022,7.957,171.407
KAZ,SHEEP,2023,8.052,174.937
KAZ,SHEEP,2024,8.148,178.46
KAZ,SHEEP,2025,8.25,182.055
KAZ,SHEEP,2026,8.355,185.711
KOR,BEEF,1991,5.085,315.0
KOR,BEEF,1992,5.685,355.0
KOR,BEEF,1993,5.326,335.0
KOR,BEEF,1994,5.699,361.0
KOR,BEEF,1995,6.568,419.0
KOR,BEEF,1996,6.829,438.708
KOR,BEEF,1997,7.729,500.0
KOR,BEEF,1998,6.969,454.0
KOR,BEEF,1999,8.28,543.0
KOR,BEEF,2000,8.62,569.0
KOR,BEEF,2001,7.458,495.362
KOR,BEEF,2002,8.466,565.667
KOR,BEEF,2003,8.155,548.034
KOR,BEEF,2004,6.632,448.354
KOR,BEEF,2005,6.112,415.681
KOR,BEEF,2006,6.781,464.0
KOR,BEEF,2007,7.566,521.0
KOR,BEEF,2008,7.792,540.0
KOR,BEEF,2009,7.271,507.0
KOR,BEEF,2010,8.399,589.0
KOR,BEEF,2011,8.779,619.0
KOR,BEEF,2012,8.904,631.0
KOR,BEEF,2013,9.311,663.0
KOR,BEEF,2014,9.744,697.0
KOR,BEEF,2015,10.007,719.0
KOR,BEEF,2016,10.257,740.0
KOR,BEEF,2017,10.325,747.879
KOR,BEEF,2018,10.356,753.005
KOR,BEEF,2019,10.368,756.558
KOR,BEEF,2020,10.405,761.787
KOR,BEEF,2021,10.456,767.959
KOR,BEEF,2022,10.511,774.305
KOR,BEEF,2023,10.573,781.095
KOR,BEEF,2024,10.615,786.296
KOR,BEEF,2025,10.672,792.537
KOR,BEEF,2026,10.737,799.289
KOR,PIG,1991,9.93,552.0
KOR,PIG,1992,13.366,749.0
KOR,PIG,1993,13.499,762.0
KOR,PIG,1994,13.984,795.0
KOR,PIG,1995,14.586,835.0
KOR,PIG,1996,15.629,901.0
KOR,PIG,1997,15.433,896.0
KOR,PIG,1998,15.224,890.0
KOR,PIG,1999,17.5,1030.0
KOR,PIG,2000,16.358,969.0
KOR,PIG,2001,16.995,1013.0
KOR,PIG,2002,17.445,1046.0
KOR,PIG,2003,21.422,1292.0
KOR,PIG,2004,19.78,1200.0
KOR,PIG,2005,19.285,1177.0
KOR,PIG,2006,23.171,1423.0
KOR,PIG,2007,24.368,1506.0
KOR,PIG,2008,24.521,1525.0
KOR,PIG,2009,23.732,1485.0
KOR,PIG,2010,24.533,1544.0
KOR,PIG,2011,23.579,1492.0
KOR,PIG,2012,22.767,1448.0
KOR,PIG,2013,25.569,1634.0
KOR,PIG,2014,27.135,1742.0
KOR,PIG,2015,28.397,1831.0
KOR,PIG,2016,28.281,1831.155
KOR,PIG,2017,28.684,1864.636
KOR,PIG,2018,28.721,1874.136
KOR,PIG,2019,28.831,1887.988
KOR,PIG,2020,28.923,1900.414
KOR,PIG,2021,29.015,1912.572
KOR,PIG,2022,29.104,1924.13
KOR,PIG,2023,29.216,1936.947
KOR,PIG,2024,29.318,1948.936
KOR,PIG,2025,29.427,1961.133
KOR,PIG,2026,29.544,1973.682
KOR,POULTRY,1990,5.57,272.0
KOR,POULTRY,1991,6.738,332.0
KOR,POULTRY,1992,7.55,375.0
KOR,POULTRY,1993,7.874,394.0
KOR,POULTRY,1994,7.918,399.0
KOR,POULTRY,1995,8.632,438.0
KOR,POULTRY,1996,9.256,473.0
KOR,POULTRY,1997,8.648,445.0
KOR,POULTRY,1998,7.661,397.0
KOR,POULTRY,1999,9.469,494.0
KOR,POULTRY,2000,9.865,518.0
KOR,POULTRY,2001,10.789,570.0
KOR,POULTRY,2002,11.139,592.0
KOR,POULTRY,2003,9.783,523.0
KOR,POULTRY,2004,8.647,465.0
KOR,POULTRY,2005,11.11,601.0
KOR,POULTRY,2006,11.849,645.0
KOR,POULTRY,2007,11.647,638.0
KOR,POULTRY,2008,11.519,635.0
KOR,POULTRY,2009,12.224,678.0
KOR,POULTRY,2010,13.391,747.0
KOR,POULTRY,2011,14.335,804.0
KOR,POULTRY,2012,14.351,809.0
KOR,POULTRY,2013,14.512,822.0
KOR,POULTRY,2014,16.256,925.0
KOR,POULTRY,2015,16.675,953.0
KOR,POULTRY,2016,16.937,972.0
KOR,POULTRY,2017,16.684,961.318
KOR,POULTRY,2018,16.875,976.006
KOR,POULTRY,2019,17.002,986.839
KOR,POULTRY,2020,17.121,997.12
KOR,POULTRY,2021,17.233,1006.853
KOR,POULTRY,2022,17.382,1018.579
KOR,POULTRY,2023,17.504,1028.616
KOR,POULTRY,2024,17.648,1039.824
KOR,POULTRY,2025,17.783,1050.436
KOR,POULTRY,2026,17.908,1060.383
KOR,SHEEP,1990,0.204,9.969
KOR,SHEEP,1991,0.157,7.752
KOR,SHEEP,1992,0.3,14.895
KOR,SHEEP,1993,0.239,11.982
KOR,SHEEP,1994,0.276,13.9
KOR,SHEEP,1995,0.256,12.985
KOR,SHEEP,1996,0.214,10.958
KOR,SHEEP,1997,0.193,9.934
KOR,SHEEP,1998,0.154,8.0
KOR,SHEEP,1999,0.134,7.0
KOR,SHEEP,2000,0.114,6.0
KOR,SHEEP,2001,0.094,4.983
KOR,SHEEP,2002,0.113,5.983
KOR,SHEEP,2003,0.112,5.968
KOR,SHEEP,2004,0.112,6.0
KOR,SHEEP,2005,0.111,6.0
KOR,SHEEP,2006,0.11,5.984
KOR,SHEEP,2007,0.11,6.0
KOR,SHEEP,2008,0.109,6.0
KOR,SHEEP,2009,0.108,6.0
KOR,SHEEP,2010,0.09,5.0
KOR,SHEEP,2011,0.107,6.0
KOR,SHEEP,2012,0.106,6.0
KOR,SHEEP,2013,0.106,6.0
KOR,SHEEP,2014,0.141,8.0
KOR,SHEEP,2015,0.175,10.0
KOR,SHEEP,2016,0.192,11.0
KOR,SHEEP,2017,0.193,11.1
KOR,SHEEP,2018,0.194,11.2
KOR,SHEEP,2019,0.195,11.3
KOR,SHEEP,2020,0.196,11.4
KOR,SHEEP,2021,0.197,11.5
KOR,SHEEP,2022,0.198,11.6
KOR,SHEEP,2023,0.199,11.7
KOR,SHEEP,2024,0.2,11.8
KOR,SHEEP,2025,0.201,11.9
KOR,SHEEP,2026,0.203,12.0
MEX,BEEF,1990,7.236,884.954
MEX,BEEF,1991,8.786,1096.288
MEX,BEEF,1992,9.149,1164.674
MEX,BEEF,1993,8.287,1075.987
MEX,BEEF,1994,9.703,1284.407
MEX,BEEF,1995,8.303,1120.096
MEX,BEEF,1996,9.617,1321.433
MEX,BEEF,1997,9.842,1376.807
MEX,BEEF,1998,10.589,1507.179
MEX,BEEF,1999,10.477,1515.605
MEX,BEEF,2000,10.383,1524.959
MEX,BEEF,2001,10.632,1583.324
MEX,BEEF,2002,11.383,1716.896
MEX,BEEF,2003,10.564,1613.117
MEX,BEEF,2004,10.052,1554.535
MEX,BEEF,2005,10.303,1615.306
MEX,BEEF,2006,9.665,1537.851
MEX,BEEF,2007,10.327,1669.111
MEX,BEEF,2008,10.688,1755.487
MEX,BEEF,2009,10.161,1695.583
MEX,BEEF,2010,9.587,1624.579
MEX,BEEF,2011,8.703,1496.411
MEX,BEEF,2012,8.696,1516.533
MEX,BEEF,2013,9.268,1638.4
MEX,BEEF,2014,8.813,1578.623
MEX,BEEF,2015,8.587,1558.174
MEX,BEEF,2016,8.854,1627.0
MEX,BEEF,2017,8.59,1598.021
MEX,BEEF,2018,8.648,1628.11
MEX,BEEF,2019,8.827,1681.284
MEX,BEEF,2020,8.817,1698.373
MEX,BEEF,2021,8.85,1723.407
MEX,BEEF,2022,8.902,1751.938
MEX,BEEF,2023,8.911,1771.782
MEX,BEEF,2024,8.93,1793.34
MEX,BEEF,2025,8.949,1814.488
MEX,BEEF,2026,8.976,1836.711
MEX,PIG,1990,7.196,789.761
MEX,PIG,1991,7.729,865.575
MEX,PIG,1992,7.653,874.326
MEX,PIG,1993,7.445,867.531
MEX,PIG,1994,7.988,948.929
MEX,PIG,1995,7.809,945.392
MEX,PIG,1996,7.522,927.596
MEX,PIG,1997,7.73,970.427
MEX,PIG,1998,8.157,1041.897
MEX,PIG,1999,8.344,1083.245
MEX,PIG,2000,8.877,1170.036
MEX,PIG,2001,9.06,1210.737
MEX,PIG,2002,9.339,1264.077
MEX,PIG,2003,9.633,1320.107
MEX,PIG,2004,9.88,1371.296
MEX,PIG,2005,9.735,1369.724
MEX,PIG,2006,9.681,1382.374
MEX,PIG,2007,9.766,1416.562
MEX,PIG,2008,10.037,1479.523
MEX,PIG,2009,10.72,1605.518
MEX,PIG,2010,10.634,1617.083
MEX,PIG,2011,10.163,1568.27
MEX,PIG,2012,10.754,1682.94
MEX,PIG,2013,11.181,1773.803
MEX,PIG,2014,11.208,1801.741
MEX,PIG,2015,11.963,1948.141
MEX,PIG,2016,11.83,1950.856
MEX,PIG,2017,12.002,2003.727
MEX,PIG,2018,12.327,2082.717
MEX,PIG,2019,12.477,2132.767
MEX,PIG,2020,12.591,2176.547
MEX,PIG,2021,12.69,2217.837
MEX,PIG,2022,12.74,2250.217
MEX,PIG,2023,12.815,2286.702
MEX,PIG,2024,12.844,2314.699
MEX,PIG,2025,12.869,2341.631
MEX,PIG,2026,12.889,2366.95
MEX,POULTRY,1990,8.279,805.427
MEX,POULTRY,1991,9.44,936.968
MEX,POULTRY,1992,9.69,981.229
MEX,POULTRY,1993,11.074,1143.774
MEX,POULTRY,1994,11.849,1247.715
MEX,POULTRY,1995,13.012,1396.214
MEX,POULTRY,1996,12.756,1394.198
MEX,POULTRY,1997,14.464,1609.563
MEX,POULTRY,1998,16.095,1822.294
MEX,POULTRY,1999,16.982,1954.242
MEX,POULTRY,2000,17.787,2078.034
MEX,POULTRY,2001,18.723,2217.868
MEX,POULTRY,2002,20.099,2411.388
MEX,POULTRY,2003,21.573,2620.401
MEX,POULTRY,2004,21.766,2677.617
MEX,POULTRY,2005,23.18,2890.904
MEX,POULTRY,2006,23.413,2963.444
MEX,POULTRY,2007,23.437,3013.263
MEX,POULTRY,2008,23.811,3110.96
MEX,POULTRY,2009,24.046,3191.965
MEX,POULTRY,2010,24.364,3284.143
MEX,POULTRY,2011,24.792,3391.013
MEX,POULTRY,2012,25.02,3470.737
MEX,POULTRY,2013,25.206,3544.353
MEX,POULTRY,2014,25.636,3652.725
MEX,POULTRY,2015,26.44,3816.299
MEX,POULTRY,2016,26.511,3875.222
MEX,POULTRY,2017,26.601,3936.437
MEX,POULTRY,2018,26.61,3985.149
MEX,POULTRY,2019,26.685,4043.026
MEX,POULTRY,2020,26.758,4100.002
MEX,POULTRY,2021,26.896,4166.442
MEX,POULTRY,2022,26.976,4223.305
MEX,POULTRY,2023,27.101,4286.46
MEX,POULTRY,2024,27.269,4355.956
MEX,POULTRY,2025,27.427,4423.379
MEX,POULTRY,2026,27.582,4489.507
MEX,SHEEP,1990,0.46,44.729
MEX,SHEEP,1991,0.596,59.119
MEX,SHEEP,1992,0.637,64.495
MEX,SHEEP,1993,0.645,66.582
MEX,SHEEP,1994,0.669,70.445
MEX,SHEEP,1995,0.412,44.176
MEX,SHEEP,1996,0.401,43.86
MEX,SHEEP,1997,0.492,54.704
MEX,SHEEP,1998,0.512,57.993
MEX,SHEEP,1999,0.58,66.794
MEX,SHEEP,2000,0.687,80.292
MEX,SHEEP,2001,0.728,86.194
MEX,SHEEP,2002,0.733,87.904
MEX,SHEEP,2003,0.978,118.775
MEX,SHEEP,2004,0.839,103.257
MEX,SHEEP,2005,0.69,86.041
MEX,SHEEP,2006,0.661,83.702
MEX,SHEEP,2007,0.672,86.352
MEX,SHEEP,2008,0.656,85.731
MEX,SHEEP,2009,0.582,77.261
MEX,SHEEP,2010,0.541,72.865
MEX,SHEEP,2011,0.515,70.45
MEX,SHEEP,2012,0.475,65.899
MEX,SHEEP,2013,0.533,74.957
MEX,SHEEP,2014,0.526,74.994
MEX,SHEEP,2015,0.533,76.99
MEX,SHEEP,2016,0.522,76.302
MEX,SHEEP,2017,0.517,76.57
MEX,SHEEP,2018,0.516,77.245
MEX,SHEEP,2019,0.515,78.008
MEX,SHEEP,2020,0.513,78.645
MEX,SHEEP,2021,0.512,79.291
MEX,SHEEP,2022,0.51,79.876
MEX,SHEEP,2023,0.509,80.447
MEX,SHEEP,2024,0.508,81.132
MEX,SHEEP,2025,0.507,81.736
MEX,SHEEP,2026,0.506,82.4
MOZ,BEEF,1990,0.785,15.0
MOZ,BEEF,1991,0.765,15.0
MOZ,BEEF,1992,0.69,14.0
MOZ,BEEF,1993,0.711,15.0
MOZ,BEEF,1994,0.683,15.0
MOZ,BEEF,1995,0.66,15.0
MOZ,BEEF,1996,0.64,15.0
MOZ,BEEF,1997,0.622,15.0
MOZ,BEEF,1998,0.606,15.0
MOZ,BEEF,1999,0.512,13.0
MOZ,BEEF,2000,0.498,13.0
MOZ,BEEF,2001,0.484,13.0
MOZ,BEEF,2002,0.47,13.0
MOZ,BEEF,2003,0.527,15.0
MOZ,BEEF,2004,0.58,17.0
MOZ,BEEF,2005,0.663,20.0
MOZ,BEEF,2006,0.547,17.0
MOZ,BEEF,2007,0.72,23.0
MOZ,BEEF,2008,0.609,20.0
MOZ,BEEF,2009,0.622,21.0
MOZ,BEEF,2010,0.633,22.0
MOZ,BEEF,2011,0.616,22.0
MOZ,BEEF,2012,0.816,30.0
MOZ,BEEF,2013,0.846,32.0
MOZ,BEEF,2014,0.823,32.0
MOZ,BEEF,2015,0.826,33.0
MOZ,BEEF,2016,0.803,33.0
MOZ,BEEF,2017,0.831,35.055
MOZ,BEEF,2018,0.837,36.281
MOZ,BEEF,2019,0.851,37.859
MOZ,BEEF,2020,0.871,39.814
MOZ,BEEF,2021,0.897,42.075
MOZ,BEEF,2022,0.927,44.647
MOZ,BEEF,2023,0.952,47.08
MOZ,BEEF,2024,0.982,49.818
MOZ,BEEF,2025,1.008,52.487
MOZ,BEEF,2026,1.033,55.235
MOZ,PIG,1990,0.7,12.0
MOZ,PIG,1991,0.682,12.0
MOZ,PIG,1992,0.659,12.0
MOZ,PIG,1993,0.633,12.0
MOZ,PIG,1994,0.609,12.0
MOZ,PIG,1995,0.588,12.0
MOZ,PIG,1996,0.57,12.0
MOZ,PIG,1997,0.555,12.0
MOZ,PIG,1998,0.54,12.0
MOZ,PIG,1999,0.527,12.0
MOZ,PIG,2000,5.21,122.0
MOZ,PIG,2001,4.939,119.0
MOZ,PIG,2002,4.636,115.0
MOZ,PIG,2003,3.875,99.0
MOZ,PIG,2004,4.105,108.0
MOZ,PIG,2005,4.357,118.0
MOZ,PIG,2006,3.086,86.0
MOZ,PIG,2007,3.419,98.0
MOZ,PIG,2008,3.087,91.0
MOZ,PIG,2009,3.133,95.0
MOZ,PIG,2010,3.175,99.0
MOZ,PIG,2011,3.43,110.0
MOZ,PIG,2012,3.789,125.0
MOZ,PIG,2013,3.949,134.0
MOZ,PIG,2014,3.84,134.0
MOZ,PIG,2015,3.847,138.0
MOZ,PIG,2016,3.825,141.0
MOZ,PIG,2017,3.815,144.452
MOZ,PIG,2018,3.789,147.365
MOZ,PIG,2019,3.79,151.385
MOZ,PIG,2020,3.822,156.753
MOZ,PIG,2021,3.855,162.334
MOZ,PIG,2022,3.865,167.114
MOZ,PIG,2023,3.902,173.169
MOZ,PIG,2024,3.951,179.953
MOZ,PIG,2025,3.995,186.735
MOZ,PIG,2026,4.048,194.177
MOZ,POULTRY,1990,1.843,28.0
MOZ,POULTRY,1991,1.86,29.0
MOZ,POULTRY,1992,1.797,29.0
MOZ,POULTRY,1993,1.727,29.0
MOZ,POULTRY,1994,1.833,32.0
MOZ,POULTRY,1995,1.714,31.0
MOZ,POULTRY,1996,1.716,32.0
MOZ,POULTRY,1997,1.773,34.0
MOZ,POULTRY,1998,1.829,36.0
MOZ,POULTRY,1999,1.634,33.0
MOZ,POULTRY,2000,1.686,35.0
MOZ,POULTRY,2001,1.592,34.0
MOZ,POULTRY,2002,1.91,42.0
MOZ,POULTRY,2003,1.192,27.0
MOZ,POULTRY,2004,1.286,30.0
MOZ,POULTRY,2005,1.458,35.0
MOZ,POULTRY,2006,1.457,36.0
MOZ,POULTRY,2007,1.338,34.0
MOZ,POULTRY,2008,1.454,38.0
MOZ,POULTRY,2009,1.712,46.0
MOZ,POULTRY,2010,1.592,44.0
MOZ,POULTRY,2011,1.653,47.0
MOZ,POULTRY,2012,1.436,42.0
MOZ,POULTRY,2013,1.596,48.0
MOZ,POULTRY,2014,1.778,55.0
MOZ,POULTRY,2015,1.824,58.0
MOZ,POULTRY,2016,1.775,58.0
MOZ,POULTRY,2017,1.785,59.907
MOZ,POULTRY,2018,1.818,62.666
MOZ,POULTRY,2019,1.86,65.864
MOZ,POULTRY,2020,1.898,69.011
MOZ,POULTRY,2021,1.938,72.349
MOZ,POULTRY,2022,1.986,76.096
MOZ,POULTRY,2023,2.034,79.996
MOZ,POULTRY,2024,2.085,84.188
MOZ,POULTRY,2025,2.137,88.562
MOZ,POULTRY,2026,2.191,93.161
MOZ,SHEEP,1990,0.856,13.0
MOZ,SHEEP,1991,0.962,15.0
MOZ,SHEEP,1992,0.929,15.0
MOZ,SHEEP,1993,0.953,16.0
MOZ,SHEEP,1994,0.974,17.0
MOZ,SHEEP,1995,0.995,18.0
MOZ,SHEEP,1996,1.072,20.0
MOZ,SHEEP,1997,1.095,21.0
MOZ,SHEEP,1998,1.22,24.0
MOZ,SHEEP,1999,1.188,24.0
MOZ,SHEEP,2000,1.205,25.0
MOZ,SHEEP,2001,1.218,26.0
MOZ,SHEEP,2002,1.137,25.0
MOZ,SHEEP,2003,1.06,24.0
MOZ,SHEEP,2004,1.072,25.0
MOZ,SHEEP,2005,1.041,25.0
MOZ,SHEEP,2006,0.891,22.0
MOZ,SHEEP,2007,0.905,23.0
MOZ,SHEEP,2008,0.957,25.0
MOZ,SHEEP,2009,0.744,20.0
MOZ,SHEEP,2010,0.724,20.0
MOZ,SHEEP,2011,0.739,21.0
MOZ,SHEEP,2012,0.787,23.0
MOZ,SHEEP,2013,0.765,23.0
MOZ,SHEEP,2014,0.776,24.0
MOZ,SHEEP,2015,0.786,25.0
MOZ,SHEEP,2016,0.765,25.0
MOZ,SHEEP,2017,0.777,26.085
MOZ,SHEEP,2018,0.786,27.091
MOZ,SHEEP,2019,0.797,28.212
MOZ,SHEEP,2020,0.811,29.472
MOZ,SHEEP,2021,0.825,30.806
MOZ,SHEEP,2022,0.842,32.261
MOZ,SHEEP,2023,0.859,33.803
MOZ,SHEEP,2024,0.877,35.415
MOZ,SHEEP,2025,0.896,37.108
MOZ,SHEEP,2026,0.915,38.899
MYS,BEEF,1990,2.575,67.0
MYS,BEEF,1991,2.918,78.0
MYS,BEEF,1992,2.916,80.0
MYS,BEEF,1993,2.985,84.0
MYS,BEEF,1994,3.187,92.0
MYS,BEEF,1995,3.513,104.0
MYS,BEEF,1996,3.786,115.0
MYS,BEEF,1997,3.723,116.0
MYS,BEEF,1998,3.256,104.0
MYS,BEEF,1999,3.516,115.0
MYS,BEEF,2000,4.095,137.0
MYS,BEEF,2001,4.097,140.0
MYS,BEEF,2002,4.188,146.0
MYS,BEEF,2003,4.335,154.0
MYS,BEEF,2004,5.167,187.0
MYS,BEEF,2005,4.993,184.0
MYS,BEEF,2006,4.691,176.0
MYS,BEEF,2007,4.504,172.0
MYS,BEEF,2008,3.989,155.0
MYS,BEEF,2009,4.226,167.0
MYS,BEEF,2010,4.132,166.0
MYS,BEEF,2011,4.41,180.0
MYS,BEEF,2012,4.438,184.0
MYS,BEEF,2013,4.87,205.0
MYS,BEEF,2014,4.916,210.0
MYS,BEEF,2015,5.447,236.0
MYS,BEEF,2016,5.395,237.0
MYS,BEEF,2017,5.446,242.447
MYS,BEEF,2018,5.469,246.661
MYS,BEEF,2019,5.481,250.364
MYS,BEEF,2020,5.503,254.503
MYS,BEEF,2021,5.537,259.254
MYS,BEEF,2022,5.572,264.041
MYS,BEEF,2023,5.603,268.657
MYS,BEEF,2024,5.63,273.097
MYS,BEEF,2025,5.665,277.847
MYS,BEEF,2026,5.712,283.189
MYS,PIG,1990,9.98,233.0
MYS,PIG,1991,9.88,237.0
MYS,PIG,1992,10.397,256.0
MYS,PIG,1993,10.571,267.0
MYS,PIG,1994,11.117,288.0
MYS,PIG,1995,10.801,287.0
MYS,PIG,1996,10.272,280.0
MYS,PIG,1997,10.122,283.0
MYS,PIG,1998,9.315,267.0
MYS,PIG,1999,5.791,170.0
MYS,PIG,2000,5.762,173.0
MYS,PIG,2001,6.587,202.0
MYS,PIG,2002,6.745,211.0
MYS,PIG,2003,6.335,202.0
MYS,PIG,2004,6.374,207.0
MYS,PIG,2005,6.168,204.0
MYS,PIG,2006,6.534,220.0
MYS,PIG,2007,5.894,202.0
MYS,PIG,2008,5.678,198.0
MYS,PIG,2009,5.837,207.0
MYS,PIG,2010,6.851,247.0
MYS,PIG,2011,6.661,244.0
MYS,PIG,2012,6.423,239.0
MYS,PIG,2013,6.327,239.0
MYS,PIG,2014,6.313,242.0
MYS,PIG,2015,6.429,250.0
MYS,PIG,2016,6.366,251.0
MYS,PIG,2017,6.468,258.404
MYS,PIG,2018,6.325,255.992
MYS,PIG,2019,6.314,258.834
MYS,PIG,2020,6.353,263.704
MYS,PIG,2021,6.391,268.522
MYS,PIG,2022,6.383,271.433
MYS,PIG,2023,6.383,274.68
MYS,PIG,2024,6.38,277.732
MYS,PIG,2025,6.374,280.548
MYS,PIG,2026,6.38,283.868
MYS,POULTRY,1990,18.604,385.0
MYS,POULTRY,1991,22.153,471.0
MYS,POULTRY,1992,25.523,557.0
MYS,POULTRY,1993,28.632,641.0
MYS,POULTRY,1994,29.659,681.0
MYS,POULTRY,1995,29.977,706.0
MYS,POULTRY,1996,29.511,713.0
MYS,POULTRY,1997,29.215,724.0
MYS,POULTRY,1998,28.89,734.0
MYS,POULTRY,1999,29.13,758.0
MYS,POULTRY,2000,27.767,739.0
MYS,POULTRY,2001,28.695,780.0
MYS,POULTRY,2002,30.617,849.0
MYS,POULTRY,2003,30.82,871.0
MYS,POULTRY,2004,32.411,933.0
MYS,POULTRY,2005,33.431,980.0
MYS,POULTRY,2006,34.814,1039.0
MYS,POULTRY,2007,35.127,1067.0
MYS,POULTRY,2008,34.136,1055.0
MYS,POULTRY,2009,36.172,1137.0
MYS,POULTRY,2010,39.619,1266.0
MYS,POULTRY,2011,40.192,1305.0
MYS,POULTRY,2012,40.601,1339.0
MYS,POULTRY,2013,41.035,1374.0
MYS,POULTRY,2014,41.584,1413.0
MYS,POULTRY,2015,41.634,1435.0
MYS,POULTRY,2016,41.322,1444.0
MYS,POULTRY,2017,41.692,1476.472
MYS,POULTRY,2018,41.78,1498.881
MYS,POULTRY,2019,41.994,1525.78
MYS,POULTRY,2020,42.139,1550.275
MYS,POULTRY,2021,42.312,1575.859
MYS,POULTRY,2022,42.507,1602.301
MYS,POULTRY,2023,42.72,1629.427
MYS,POULTRY,2024,42.931,1656.415
MYS,POULTRY,2025,43.136,1682.979
MYS,POULTRY,2026,43.341,1709.289
MYS,SHEEP,1990,0.387,8.0
MYS,SHEEP,1991,0.376,8.0
MYS,SHEEP,1992,0.458,10.0
MYS,SHEEP,1993,0.447,10.0
MYS,SHEEP,1994,0.392,9.0
MYS,SHEEP,1995,0.552,13.0
MYS,SHEEP,1996,0.621,15.0
MYS,SHEEP,1997,0.525,13.0
MYS,SHEEP,1998,0.551,14.0
MYS,SHEEP,1999,0.538,14.0
MYS,SHEEP,2000,0.526,14.0
MYS,SHEEP,2001,0.625,17.0
MYS,SHEEP,2002,0.541,15.0
MYS,SHEEP,2003,0.46,13.0
MYS,SHEEP,2004,0.521,15.0
MYS,SHEEP,2005,0.546,16.0
MYS,SHEEP,2006,0.603,18.0
MYS,SHEEP,2007,0.658,20.0
MYS,SHEEP,2008,0.647,20.0
MYS,SHEEP,2009,0.636,20.0
MYS,SHEEP,2010,0.751,24.0
MYS,SHEEP,2011,0.616,20.0
MYS,SHEEP,2012,0.667,22.0
MYS,SHEEP,2013,0.806,27.0
MYS,SHEEP,2014,0.971,33.0
MYS,SHEEP,2015,1.044,36.0
MYS,SHEEP,2016,1.145,40.0
MYS,SHEEP,2017,1.147,40.612
MYS,SHEEP,2018,1.153,41.373
MYS,SHEEP,2019,1.157,42.043
MYS,SHEEP,2020,1.161,42.695
MYS,SHEEP,2021,1.166,43.413
MYS,SHEEP,2022,1.171,44.154
MYS,SHEEP,2023,1.177,44.898
MYS,SHEEP,2024,1.182,45.612
MYS,SHEEP,2025,1.187,46.325
MYS,SHEEP,2026,1.193,47.047
NGA,BEEF,1990,1.493,204.0
NGA,BEEF,1991,1.47,206.0
NGA,BEEF,1992,1.461,210.0
NGA,BEEF,1993,1.656,244.0
NGA,BEEF,1994,1.754,265.0
NGA,BEEF,1995,1.724,267.0
NGA,BEEF,1996,1.769,281.0
NGA,BEEF,1997,1.812,295.0
NGA,BEEF,1998,1.785,298.0
NGA,BEEF,1999,1.747,299.0
NGA,BEEF,2000,1.589,279.0
NGA,BEEF,2001,1.766,318.0
NGA,BEEF,2002,1.944,359.0
NGA,BEEF,2003,1.631,309.0
NGA,BEEF,2004,1.672,325.0
NGA,BEEF,2005,1.539,307.0
NGA,BEEF,2006,1.265,259.0
NGA,BEEF,2007,1.56,328.0
NGA,BEEF,2008,1.519,328.0
NGA,BEEF,2009,1.493,331.0
NGA,BEEF,2010,1.098,250.0
NGA,BEEF,2011,1.227,287.0
NGA,BEEF,2012,1.207,290.0
NGA,BEEF,2013,1.64,405.0
NGA,BEEF,2014,1.664,422.0
NGA,BEEF,2015,1.664,433.0
NGA,BEEF,2016,1.636,437.0
NGA,BEEF,2017,1.641,449.701
NGA,BEEF,2018,1.632,458.62
NGA,BEEF,2019,1.616,465.614
NGA,BEEF,2020,1.604,473.916
NGA,BEEF,2021,1.6,484.502
NGA,BEEF,2022,1.596,495.407
NGA,BEEF,2023,1.59,505.744
NGA,BEEF,2024,1.582,515.343
NGA,BEEF,2025,1.576,525.73
NGA,BEEF,2026,1.574,537.965
NGA,PIG,1990,0.873,107.0
NGA,PIG,1991,0.851,107.0
NGA,PIG,1992,0.868,112.0
NGA,PIG,1993,0.885,117.0
NGA,PIG,1994,0.9,122.0
NGA,PIG,1995,0.957,133.0
NGA,PIG,1996,0.968,138.0
NGA,PIG,1997,0.979,143.0
NGA,PIG,1998,0.981,147.0
NGA,PIG,1999,1.015,156.0
NGA,PIG,2000,1.003,158.0
NGA,PIG,2001,1.145,185.0
NGA,PIG,2002,1.165,193.0
NGA,PIG,2003,1.053,179.0
NGA,PIG,2004,1.067,186.0
NGA,PIG,2005,1.078,193.0
NGA,PIG,2006,1.094,201.0
NGA,PIG,2007,1.108,209.0
NGA,PIG,2008,1.125,218.0
NGA,PIG,2009,1.136,226.0
NGA,PIG,2010,1.145,234.0
NGA,PIG,2011,1.162,244.0
NGA,PIG,2012,1.159,250.0
NGA,PIG,2013,1.151,255.0
NGA,PIG,2014,1.125,256.0
NGA,PIG,2015,1.104,258.0
NGA,PIG,2016,1.085,260.0
NGA,PIG,2017,1.055,259.501
NGA,PIG,2018,1.041,262.479
NGA,PIG,2019,1.042,269.489
NGA,PIG,2020,1.048,277.945
NGA,PIG,2021,1.05,285.473
NGA,PIG,2022,1.049,292.126
NGA,PIG,2023,1.044,298.011
NGA,PIG,2024,1.047,306.066
NGA,PIG,2025,1.049,314.212
NGA,PIG,2026,1.056,323.881
NGA,POULTRY,1990,1.601,174.0
NGA,POULTRY,1991,1.48,165.0
NGA,POULTRY,1992,1.417,162.0
NGA,POULTRY,1993,1.408,165.0
NGA,POULTRY,1994,1.398,168.0
NGA,POULTRY,1995,1.372,169.0
NGA,POULTRY,1996,1.346,170.0
NGA,POULTRY,1997,1.32,171.0
NGA,POULTRY,1998,1.295,172.0
NGA,POULTRY,1999,1.278,174.0
NGA,POULTRY,2000,1.175,164.0
NGA,POULTRY,2001,1.383,198.0
NGA,POULTRY,2002,1.45,213.0
NGA,POULTRY,2003,1.341,202.0
NGA,POULTRY,2004,1.365,211.0
NGA,POULTRY,2005,1.38,219.0
NGA,POULTRY,2006,1.425,232.0
NGA,POULTRY,2007,1.453,243.0
NGA,POULTRY,2008,1.514,260.0
NGA,POULTRY,2009,1.554,274.0
NGA,POULTRY,2010,1.352,245.0
NGA,POULTRY,2011,0.779,145.0
NGA,POULTRY,2012,0.816,156.0
NGA,POULTRY,2013,0.866,170.0
NGA,POULTRY,2014,0.893,180.0
NGA,POULTRY,2015,0.918,190.0
NGA,POULTRY,2016,0.904,192.0
NGA,POULTRY,2017,0.906,197.512
NGA,POULTRY,2018,0.908,203.044
NGA,POULTRY,2019,0.91,208.647
NGA,POULTRY,2020,0.912,214.24
NGA,POULTRY,2021,0.912,219.801
NGA,POULTRY,2022,0.913,225.338
NGA,POULTRY,2023,0.913,230.908
NGA,POULTRY,2024,0.913,236.492
NGA,POULTRY,2025,0.912,242.07
NGA,POULTRY,2026,0.911,247.61
NGA,SHEEP,1990,1.519,165.0
NGA,SHEEP,1991,1.525,170.0
NGA,SHEEP,1992,1.522,174.0
NGA,SHEEP,1993,1.544,181.0
NGA,SHEEP,1994,1.714,206.0
NGA,SHEEP,1995,1.802,222.0
NGA,SHEEP,1996,1.884,238.0
NGA,SHEEP,1997,2.085,270.0
NGA,SHEEP,1998,2.184,290.0
NGA,SHEEP,1999,2.291,312.0
NGA,SHEEP,2000,2.413,337.0
NGA,SHEEP,2001,2.556,366.0
NGA,SHEEP,2002,2.533,372.0
NGA,SHEEP,2003,2.502,377.0
NGA,SHEEP,2004,2.497,386.0
NGA,SHEEP,2005,2.483,394.0
NGA,SHEEP,2006,2.493,406.0
NGA,SHEEP,2007,2.482,415.0
NGA,SHEEP,2008,2.463,423.0
NGA,SHEEP,2009,2.455,433.0
NGA,SHEEP,2010,2.528,458.0
NGA,SHEEP,2011,1.193,222.0
NGA,SHEEP,2012,1.778,340.0
NGA,SHEEP,2013,2.403,472.0
NGA,SHEEP,2014,2.385,481.0
NGA,SHEEP,2015,2.352,487.0
NGA,SHEEP,2016,2.297,488.0
NGA,SHEEP,2017,2.307,502.861
NGA,SHEEP,2018,2.316,517.84
NGA,SHEEP,2019,2.325,533.139
NGA,SHEEP,2020,2.333,548.421
NGA,SHEEP,2021,2.339,563.506
NGA,SHEEP,2022,2.343,578.505
NGA,SHEEP,2023,2.347,593.636
NGA,SHEEP,2024,2.35,608.846
NGA,SHEEP,2025,2.351,624.037
NGA,SHEEP,2026,2.351,639.06
NOR,BEEF,1990,,76.0
NOR,BEEF,1991,,78.0
NOR,BEEF,1992,,80.0
NOR,BEEF,1993,,82.0
NOR,BEEF,1994,,89.0
NOR,BEEF,1995,,87.0
NOR,BEEF,1996,,91.0
NOR,BEEF,1997,,90.0
NOR,BEEF,1998,,93.0
NOR,BEEF,1999,,89.144
NOR,BEEF,2000,,91.768
NOR,BEEF,2001,,88.706
NOR,BEEF,2002,,89.537
NOR,BEEF,2003,,91.914
NOR,BEEF,2004,,93.372
NOR,BEEF,2005,,94.493
NOR,BEEF,2006,,91.243
NOR,BEEF,2007,,93.978
NOR,BEEF,2008,,98.047
NOR,BEEF,2009,,93.287
NOR,BEEF,2010,,90.108
NOR,BEEF,2011,,93.438
NOR,BEEF,2012,,97.282
NOR,BEEF,2013,,99.296
NOR,BEEF,2014,,92.032
NOR,BEEF,2015,,102.672
NOR,BEEF,2016,,104.353
NOR,BEEF,2017,,105.05
NOR,BEEF,2018,,105.6
NOR,BEEF,2019,,106.15
NOR,BEEF,2020,,106.7
NOR,BEEF,2021,,107.25
NOR,BEEF,2022,,107.8
NOR,BEEF,2023,,108.4
NOR,BEEF,2024,,109.0
NOR,BEEF,2025,,109.6
NOR,BEEF,2026,,110.2
NOR,PIG,1990,,83.0
NOR,PIG,1991,,85.0
NOR,PIG,1992,,88.0
NOR,PIG,1993,,92.0
NOR,PIG,1994,,95.0
NOR,PIG,1995,,101.0
NOR,PIG,1996,,106.0
NOR,PIG,1997,,101.0
NOR,PIG,1998,,107.0
NOR,PIG,1999,,100.743
NOR,PIG,2000,,105.046
NOR,PIG,2001,,111.427
NOR,PIG,2002,,106.098
NOR,PIG,2003,,110.107
NOR,PIG,2004,,113.587
NOR,PIG,2005,,116.193
NOR,PIG,2006,,115.745
NOR,PIG,2007,,125.535
NOR,PIG,2008,,124.492
NOR,PIG,2009,,123.223
NOR,PIG,2010,,127.153
NOR,PIG,2011,,130.987
NOR,PIG,2012,,130.659
NOR,PIG,2013,,127.716
NOR,PIG,2014,,130.22
NOR,PIG,2015,,136.469
NOR,PIG,2016,,143.879
NOR,PIG,2017,,136.8
NOR,PIG,2018,,138.8
NOR,PIG,2019,,139.8
NOR,PIG,2020,,140.8
NOR,PIG,2021,,141.8
NOR,PIG,2022,,142.8
NOR,PIG,2023,,143.8
NOR,PIG,2024,,144.8
NOR,PIG,2025,,145.8
NOR,PIG,2026,,147.3
NOR,POULTRY,1990,,20.0
NOR,POULTRY,1991,,20.0
NOR,POULTRY,1992,,23.0
NOR,POULTRY,1993,,23.0
NOR,POULTRY,1994,,27.0
NOR,POULTRY,1995,,30.0
NOR,POULTRY,1996,,32.0
NOR,POULTRY,1997,,33.0
NOR,POULTRY,1998,,31.0
NOR,POULTRY,1999,,36.581
NOR,POULTRY,2000,,43.024
NOR,POULTRY,2001,,42.506
NOR,POULTRY,2002,,46.082
NOR,POULTRY,2003,,49.143
NOR,POULTRY,2004,,54.438
NOR,POULTRY,2005,,57.272
NOR,POULTRY,2006,,62.918
NOR,POULTRY,2007,,70.436
NOR,POULTRY,2008,,84.225
NOR,POULTRY,2009,,82.237
NOR,POULTRY,2010,,83.885
NOR,POULTRY,2011,,84.301
NOR,POULTRY,2012,,92.856
NOR,POULTRY,2013,,105.33
NOR,POULTRY,2014,,103.584
NOR,POULTRY,2015,,93.932
NOR,POULTRY,2016,,96.523
NOR,POULTRY,2017,,99.3
NOR,POULTRY,2018,,101.3
NOR,POULTRY,2019,,103.3
NOR,POULTRY,2020,,105.3
NOR,POULTRY,2021,,107.3
NOR,POULTRY,2022,,109.3
NOR,POULTRY,2023,,111.3
NOR,POULTRY,2024,,113.3
NOR,POULTRY,2025,,115.3
NOR,POULTRY,2026,,117.3
NOR,SHEEP,1990,,23.0
NOR,SHEEP,1991,,24.0
NOR,SHEEP,1992,,25.0
NOR,SHEEP,1993,,26.0
NOR,SHEEP,1994,,27.0
NOR,SHEEP,1995,,28.0
NOR,SHEEP,1996,,27.0
NOR,SHEEP,1997,,25.0
NOR,SHEEP,1998,,24.0
NOR,SHEEP,1999,,22.688
NOR,SHEEP,2000,,24.211
NOR,SHEEP,2001,,24.913
NOR,SHEEP,2002,,25.271
NOR,SHEEP,2003,,24.684
NOR,SHEEP,2004,,26.333
NOR,SHEEP,2005,,26.154
NOR,SHEEP,2006,,25.553
NOR,SHEEP,2007,,26.126
NOR,SHEEP,2008,,28.715
NOR,SHEEP,2009,,25.227
NOR,SHEEP,2010,,25.738
NOR,SHEEP,2011,,24.882
NOR,SHEEP,2012,,25.477
NOR,SHEEP,2013,,26.524
NOR,SHEEP,2014,,26.456
NOR,SHEEP,2015,,27.255
NOR,SHEEP,2016,,27.144
NOR,SHEEP,2017,,27.35
NOR,SHEEP,2018,,27.65
NOR,SHEEP,2019,,27.95
NOR,SHEEP,2020,,28.25
NOR,SHEEP,2021,,28.55
NOR,SHEEP,2022,,28.85
NOR,SHEEP,2023,,29.05
NOR,SHEEP,2024,,29.25
NOR,SHEEP,2025,,29.35
NOR,SHEEP,2026,,29.55
NZL,BEEF,1990,26.076,126.565
NZL,BEEF,1991,24.034,118.301
NZL,BEEF,1992,24.803,124.115
NZL,BEEF,1993,24.152,122.977
NZL,BEEF,1994,21.023,108.817
NZL,BEEF,1995,28.218,148.142
NZL,BEEF,1996,29.058,154.307
NZL,BEEF,1997,25.26,135.395
NZL,BEEF,1998,21.921,118.486
NZL,BEEF,1999,23.15,126.249
NZL,BEEF,2000,23.272,128.268
NZL,BEEF,2001,21.669,120.941
NZL,BEEF,2002,16.959,95.979
NZL,BEEF,2003,23.161,133.016
NZL,BEEF,2004,20.191,117.647
NZL,BEEF,2005,15.751,93.037
NZL,BEEF,2006,17.18,102.777
NZL,BEEF,2007,20.071,121.514
NZL,BEEF,2008,20.109,123.106
NZL,BEEF,2009,17.636,109.07
NZL,BEEF,2010,19.403,121.103
NZL,BEEF,2011,19.701,123.962
NZL,BEEF,2012,18.432,116.802
NZL,BEEF,2013,15.689,100.081
NZL,BEEF,2014,14.717,94.517
NZL,BEEF,2015,14.465,93.581
NZL,BEEF,2016,10.425,67.985
NZL,BEEF,2017,12.975,85.355
NZL,BEEF,2018,13.321,88.424
NZL,BEEF,2019,13.169,88.202
NZL,BEEF,2020,13.029,88.034
NZL,BEEF,2021,12.887,87.811
NZL,BEEF,2022,12.748,87.573
NZL,BEEF,2023,12.612,87.332
NZL,BEEF,2024,12.534,87.476
NZL,BEEF,2025,12.464,87.658
NZL,BEEF,2026,12.395,87.83
NZL,PIG,1990,10.974,47.8
NZL,PIG,1991,10.556,46.629
NZL,PIG,1992,10.97,49.261
NZL,PIG,1993,11.594,52.98
NZL,PIG,1994,13.054,60.636
NZL,PIG,1995,12.425,58.538
NZL,PIG,1996,12.508,59.61
NZL,PIG,1997,11.861,57.056
NZL,PIG,1998,12.509,60.675
NZL,PIG,1999,13.39,65.535
NZL,PIG,2000,13.385,66.207
NZL,PIG,2001,12.552,62.869
NZL,PIG,2002,12.964,65.844
NZL,PIG,2003,13.79,71.075
NZL,PIG,2004,14.853,77.669
NZL,PIG,2005,15.041,79.73
NZL,PIG,2006,16.005,85.927
NZL,PIG,2007,16.064,87.282
NZL,PIG,2008,16.039,88.121
NZL,PIG,2009,15.892,88.202
NZL,PIG,2010,14.813,82.975
NZL,PIG,2011,15.78,89.104
NZL,PIG,2012,16.228,92.287
NZL,PIG,2013,16.089,92.104
NZL,PIG,2014,16.63,95.848
NZL,PIG,2015,18.128,105.248
NZL,PIG,2016,17.811,104.246
NZL,PIG,2017,18.057,106.606
NZL,PIG,2018,17.964,107.015
NZL,PIG,2019,18.058,108.543
NZL,PIG,2020,18.143,110.013
NZL,PIG,2021,18.225,111.445
NZL,PIG,2022,18.307,112.863
NZL,PIG,2023,18.402,114.354
NZL,PIG,2024,18.486,115.781
NZL,PIG,2025,18.574,117.226
NZL,PIG,2026,18.662,118.68
NZL,POULTRY,1990,14.582,56.3
NZL,POULTRY,1991,14.89,58.3
NZL,POULTRY,1992,15.3,60.9
NZL,POULTRY,1993,16.838,68.2
NZL,POULTRY,1994,18.304,75.362
NZL,POULTRY,1995,22.268,92.992
NZL,POULTRY,1996,21.561,91.078
NZL,POULTRY,1997,20.902,89.122
NZL,POULTRY,1998,22.657,97.411
NZL,POULTRY,1999,23.196,100.627
NZL,POULTRY,2000,24.559,107.677
NZL,POULTRY,2001,26.466,117.499
NZL,POULTRY,2002,28.713,129.263
NZL,POULTRY,2003,31.092,142.042
NZL,POULTRY,2004,32.263,149.538
NZL,POULTRY,2005,33.834,158.968
NZL,POULTRY,2006,32.122,152.855
NZL,POULTRY,2007,30.415,146.479
NZL,POULTRY,2008,30.207,147.099
NZL,POULTRY,2009,28.508,140.245
NZL,POULTRY,2010,29.045,144.201
NZL,POULTRY,2011,29.955,149.927
NZL,POULTRY,2012,33.027,166.481
NZL,POULTRY,2013,32.79,166.38
NZL,POULTRY,2014,34.335,175.402
NZL,POULTRY,2015,34.764,178.899
NZL,POULTRY,2016,38.369,199.047
NZL,POULTRY,2017,37.861,198.118
NZL,POULTRY,2018,38.18,201.595
NZL,POULTRY,2019,38.387,204.521
NZL,POULTRY,2020,38.562,207.257
NZL,POULTRY,2021,38.651,209.49
NZL,POULTRY,2022,38.792,211.979
NZL,POULTRY,2023,38.79,213.661
NZL,POULTRY,2024,38.874,215.802
NZL,POULTRY,2025,38.807,217.096
NZL,POULTRY,2026,38.669,217.967
NZL,SHEEP,1990,27.831,107.45
NZL,SHEEP,1991,29.776,116.585
NZL,SHEEP,1992,29.922,119.101
NZL,SHEEP,1993,21.452,86.886
NZL,SHEEP,1994,38.564,158.777
NZL,SHEEP,1995,30.028,125.398
NZL,SHEEP,1996,15.187,64.154
NZL,SHEEP,1997,26.159,111.535
NZL,SHEEP,1998,26.388,113.453
NZL,SHEEP,1999,22.734,98.622
NZL,SHEEP,2000,25.489,111.751
NZL,SHEEP,2001,27.068,120.171
NZL,SHEEP,2002,20.615,92.807
NZL,SHEEP,2003,24.347,111.226
NZL,SHEEP,2004,13.737,63.67
NZL,SHEEP,2005,21.047,98.889
NZL,SHEEP,2006,19.372,92.183
NZL,SHEEP,2007,18.533,89.254
NZL,SHEEP,2008,17.665,86.023
NZL,SHEEP,2009,4.921,24.206
NZL,SHEEP,2010,2.664,13.224
NZL,SHEEP,2011,7.773,38.905
NZL,SHEEP,2012,7.56,38.108
NZL,SHEEP,2013,2.439,12.376
NZL,SHEEP,2014,4.584,23.415
NZL,SHEEP,2015,3.947,20.312
NZL,SHEEP,2016,0.889,4.611
NZL,SHEEP,2017,3.246,16.986
NZL,SHEEP,2018,5.53,29.2
NZL,SHEEP,2019,4.042,21.536
NZL,SHEEP,2020,3.984,21.411
NZL,SHEEP,2021,4.405,23.876
NZL,SHEEP,2022,4.335,23.688
NZL,SHEEP,2023,4.281,23.583
NZL,SHEEP,2024,4.232,23.493
NZL,SHEEP,2025,4.184,23.407
NZL,SHEEP,2026,4.14,23.336
PAK,BEEF,1990,4.339,667.0
PAK,BEEF,1991,4.404,696.0
PAK,BEEF,1992,4.504,731.0
PAK,BEEF,1993,4.611,768.0
PAK,BEEF,1994,4.725,807.0
PAK,BEEF,1995,4.836,847.0
PAK,BEEF,1996,3.993,717.0
PAK,BEEF,1997,4.493,827.0
PAK,BEEF,1998,4.486,846.0
PAK,BEEF,1999,4.49,867.0
PAK,BEEF,2000,4.481,885.0
PAK,BEEF,2001,4.469,902.0
PAK,BEEF,2002,4.507,929.0
PAK,BEEF,2003,4.526,952.0
PAK,BEEF,2004,4.551,977.0
PAK,BEEF,2005,4.583,1004.0
PAK,BEEF,2006,5.836,1305.0
PAK,BEEF,2007,5.88,1342.0
PAK,BEEF,2008,5.906,1376.0
PAK,BEEF,2009,5.961,1418.0
PAK,BEEF,2010,6.027,1464.0
PAK,BEEF,2011,6.11,1516.0
PAK,BEEF,2012,6.172,1564.0
PAK,BEEF,2013,6.204,1606.0
PAK,BEEF,2014,6.242,1650.0
PAK,BEEF,2015,6.284,1696.0
PAK,BEEF,2016,6.338,1746.0
PAK,BEEF,2017,6.339,1781.784
PAK,BEEF,2018,6.346,1819.23
PAK,BEEF,2019,6.342,1853.49
PAK,BEEF,2020,6.342,1888.49
PAK,BEEF,2021,6.346,1924.498
PAK,BEEF,2022,6.362,1963.581
PAK,BEEF,2023,6.38,2003.328
PAK,BEEF,2024,6.398,2043.009
PAK,BEEF,2025,6.418,2083.03
PAK,BEEF,2026,6.445,2125.186
PAK,PIG,1990,0.0,0.0
PAK,PIG,1991,0.0,0.0
PAK,PIG,1992,0.0,0.0
PAK,PIG,1993,0.0,0.0
PAK,PIG,1994,0.0,0.0
PAK,PIG,1995,0.0,0.0
PAK,PIG,1996,0.0,0.0
PAK,PIG,1997,0.0,0.0
PAK,PIG,1998,0.0,0.0
PAK,PIG,1999,0.0,0.0
PAK,PIG,2000,0.0,0.0
PAK,PIG,2001,0.0,0.0
PAK,PIG,2002,0.0,0.0
PAK,PIG,2003,0.0,0.0
PAK,PIG,2004,0.0,0.0
PAK,PIG,2005,0.0,0.0
PAK,PIG,2006,0.0,0.0
PAK,PIG,2007,0.0,0.0
PAK,PIG,2008,0.0,0.0
PAK,PIG,2009,0.0,0.0
PAK,PIG,2010,0.0,0.0
PAK,PIG,2011,0.0,0.0
PAK,PIG,2012,0.0,0.0
PAK,PIG,2013,0.0,0.0
PAK,PIG,2014,0.0,0.0
PAK,PIG,2015,0.0,0.0
PAK,PIG,2016,0.0,0.0
PAK,PIG,2017,0.0,0.001
PAK,PIG,2018,0.0,0.001
PAK,PIG,2019,0.0,0.001
PAK,PIG,2020,0.0,0.001
PAK,PIG,2021,0.0,0.001
PAK,PIG,2022,0.0,0.001
PAK,PIG,2023,0.0,0.001
PAK,PIG,2024,0.0,0.001
PAK,PIG,2025,0.0,0.001
PAK,PIG,2026,0.0,0.001
PAK,POULTRY,1990,1.317,161.0
PAK,POULTRY,1991,1.233,155.0
PAK,POULTRY,1992,1.34,173.0
PAK,POULTRY,1993,2.031,269.0
PAK,POULTRY,1994,2.208,300.0
PAK,POULTRY,1995,2.247,313.0
PAK,POULTRY,1996,2.52,360.0
PAK,POULTRY,1997,2.677,392.0
PAK,POULTRY,1998,1.926,289.0
PAK,POULTRY,1999,2.051,315.0
PAK,POULTRY,2000,2.081,327.0
PAK,POULTRY,2001,2.143,344.0
PAK,POULTRY,2002,2.196,360.0
PAK,POULTRY,2003,2.259,378.0
PAK,POULTRY,2004,2.249,384.0
PAK,POULTRY,2005,2.238,390.0
PAK,POULTRY,2006,2.912,518.0
PAK,POULTRY,2007,3.079,559.0
PAK,POULTRY,2008,3.264,605.0
PAK,POULTRY,2009,3.498,662.0
PAK,POULTRY,2010,3.685,712.0
PAK,POULTRY,2011,3.912,772.0
PAK,POULTRY,2012,4.172,841.0
PAK,POULTRY,2013,4.415,909.0
PAK,POULTRY,2014,4.432,932.0
PAK,POULTRY,2015,4.434,952.0
PAK,POULTRY,2016,4.367,957.0
PAK,POULTRY,2017,4.366,976.217
PAK,POULTRY,2018,4.484,1022.523
PAK,POULTRY,2019,4.44,1032.175
PAK,POULTRY,2020,4.469,1058.592
PAK,POULTRY,2021,4.5,1085.529
PAK,POULTRY,2022,4.541,1114.946
PAK,POULTRY,2023,4.586,1145.416
PAK,POULTRY,2024,4.631,1176.285
PAK,POULTRY,2025,4.679,1208.021
PAK,POULTRY,2026,4.728,1239.929
PAK,SHEEP,1990,3.958,484.0
PAK,SHEEP,1991,4.128,519.0
PAK,SHEEP,1992,4.306,556.0
PAK,SHEEP,1993,4.491,595.0
PAK,SHEEP,1994,4.688,637.0
PAK,SHEEP,1995,4.902,683.0
PAK,SHEEP,1996,3.038,434.0
PAK,SHEEP,1997,2.964,434.0
PAK,SHEEP,1998,2.966,445.0
PAK,SHEEP,1999,2.962,455.0
PAK,SHEEP,2000,2.953,464.0
PAK,SHEEP,2001,2.984,479.0
PAK,SHEEP,2002,2.995,491.0
PAK,SHEEP,2003,2.994,501.0
PAK,SHEEP,2004,3.004,513.0
PAK,SHEEP,2005,3.024,527.0
PAK,SHEEP,2006,2.209,393.0
PAK,SHEEP,2007,2.209,401.0
PAK,SHEEP,2008,2.212,410.0
PAK,SHEEP,2009,2.198,416.0
PAK,SHEEP,2010,2.184,422.0
PAK,SHEEP,2011,2.164,427.0
PAK,SHEEP,2012,2.153,434.0
PAK,SHEEP,2013,2.176,448.0
PAK,SHEEP,2014,2.15,452.0
PAK,SHEEP,2015,2.119,455.0
PAK,SHEEP,2016,2.086,457.0
PAK,SHEEP,2017,2.083,465.654
PAK,SHEEP,2018,2.087,475.82
PAK,SHEEP,2019,2.091,485.986
PAK,SHEEP,2020,2.095,496.289
PAK,SHEEP,2021,2.1,506.441
PAK,SHEEP,2022,2.105,516.902
PAK,SHEEP,2023,2.113,527.781
PAK,SHEEP,2024,2.122,538.933
PAK,SHEEP,2025,2.132,550.429
PAK,SHEEP,2026,2.144,562.212
PER,BEEF,1990,3.945,123.0
PER,BEEF,1991,3.738,119.0
PER,BEEF,1992,3.54,115.0
PER,BEEF,1993,3.412,113.0
PER,BEEF,1994,3.201,108.0
PER,BEEF,1995,3.378,116.0
PER,BEEF,1996,3.408,119.0
PER,BEEF,1997,3.609,128.0
PER,BEEF,1998,3.639,131.0
PER,BEEF,1999,3.834,140.0
PER,BEEF,2000,3.944,146.0
PER,BEEF,2001,3.892,146.0
PER,BEEF,2002,3.763,143.0
PER,BEEF,2003,3.846,148.0
PER,BEEF,2004,4.004,156.0
PER,BEEF,2005,4.107,162.0
PER,BEEF,2006,4.283,171.0
PER,BEEF,2007,4.256,172.0
PER,BEEF,2008,4.106,168.0
PER,BEEF,2009,4.079,169.0
PER,BEEF,2010,4.218,177.0
PER,BEEF,2011,4.281,182.0
PER,BEEF,2012,4.387,189.0
PER,BEEF,2013,4.512,197.0
PER,BEEF,2014,4.61,204.0
PER,BEEF,2015,4.707,211.0
PER,BEEF,2016,4.759,216.0
PER,BEEF,2017,4.779,219.623
PER,BEEF,2018,4.751,220.964
PER,BEEF,2019,4.737,222.899
PER,BEEF,2020,4.739,225.553
PER,BEEF,2021,4.8,231.051
PER,BEEF,2022,4.819,234.532
PER,BEEF,2023,4.852,238.666
PER,BEEF,2024,4.893,243.222
PER,BEEF,2025,4.922,247.161
PER,BEEF,2026,4.987,252.942
PER,PIG,1990,2.359,66.0
PER,PIG,1991,2.415,69.0
PER,PIG,1992,2.504,73.0
PER,PIG,1993,2.557,76.0
PER,PIG,1994,2.576,78.0
PER,PIG,1995,2.596,80.0
PER,PIG,1996,2.649,83.0
PER,PIG,1997,2.733,87.0
PER,PIG,1998,2.229,72.0
PER,PIG,1999,2.044,67.0
PER,PIG,2000,2.167,72.0
PER,PIG,2001,2.525,85.0
PER,PIG,2002,2.727,93.0
PER,PIG,2003,2.693,93.0
PER,PIG,2004,2.831,99.0
PER,PIG,2005,2.938,104.0
PER,PIG,2006,3.07,110.0
PER,PIG,2007,3.226,117.0
PER,PIG,2008,3.186,117.0
PER,PIG,2009,3.147,117.0
PER,PIG,2010,3.213,121.0
PER,PIG,2011,3.171,121.0
PER,PIG,2012,3.285,127.0
PER,PIG,2013,3.42,134.0
PER,PIG,2014,3.349,133.0
PER,PIG,2015,3.331,134.0
PER,PIG,2016,3.265,133.0
PER,PIG,2017,3.258,134.34
PER,PIG,2018,3.226,134.631
PER,PIG,2019,3.223,136.097
PER,PIG,2020,3.244,138.572
PER,PIG,2021,3.278,141.588
PER,PIG,2022,3.248,141.833
PER,PIG,2023,3.256,143.742
PER,PIG,2024,3.28,146.315
PER,PIG,2025,3.303,148.86
PER,PIG,2026,3.343,152.186
PER,POULTRY,1990,10.039,249.0
PER,POULTRY,1991,11.69,296.0
PER,POULTRY,1992,12.501,323.0
PER,POULTRY,1993,11.615,306.0
PER,POULTRY,1994,11.922,320.0
PER,POULTRY,1995,13.069,357.0
PER,POULTRY,1996,14.078,391.0
PER,POULTRY,1997,15.667,442.0
PER,POULTRY,1998,16.518,473.0
PER,POULTRY,1999,17.386,505.0
PER,POULTRY,2000,18.744,552.0
PER,POULTRY,2001,19.368,578.0
PER,POULTRY,2002,20.411,617.0
PER,POULTRY,2003,19.111,585.0
PER,POULTRY,2004,18.843,584.0
PER,POULTRY,2005,21.131,663.0
PER,POULTRY,2006,22.575,717.0
PER,POULTRY,2007,24.23,779.0
PER,POULTRY,2008,27.252,887.0
PER,POULTRY,2009,29.706,979.0
PER,POULTRY,2010,31.187,1041.0
PER,POULTRY,2011,32.586,1102.0
PER,POULTRY,2012,34.84,1194.0
PER,POULTRY,2013,35.441,1231.0
PER,POULTRY,2014,36.026,1268.0
PER,POULTRY,2015,38.48,1372.0
PER,POULTRY,2016,38.386,1386.0
PER,POULTRY,2017,38.244,1397.917
PER,POULTRY,2018,38.334,1418.092
PER,POULTRY,2019,38.498,1440.927
PER,POULTRY,2020,38.622,1462.224
PER,POULTRY,2021,38.992,1492.914
PER,POULTRY,2022,39.014,1510.256
PER,POULTRY,2023,39.204,1533.96
PER,POULTRY,2024,39.411,1558.289
PER,POULTRY,2025,39.616,1582.455
PER,POULTRY,2026,40.14,1619.469
PER,SHEEP,1990,1.451,36.0
PER,SHEEP,1991,1.185,30.0
PER,SHEEP,1992,1.122,29.0
PER,SHEEP,1993,1.025,27.0
PER,SHEEP,1994,0.969,26.0
PER,SHEEP,1995,0.952,26.0
PER,SHEEP,1996,0.972,27.0
PER,SHEEP,1997,0.992,28.0
PER,SHEEP,1998,1.013,29.0
PER,SHEEP,1999,1.274,37.0
PER,SHEEP,2000,1.29,38.0
PER,SHEEP,2001,1.273,38.0
PER,SHEEP,2002,1.257,38.0
PER,SHEEP,2003,1.241,38.0
PER,SHEEP,2004,1.291,40.0
PER,SHEEP,2005,1.275,40.0
PER,SHEEP,2006,1.291,41.0
PER,SHEEP,2007,1.275,41.0
PER,SHEEP,2008,1.229,40.0
PER,SHEEP,2009,1.214,40.0
PER,SHEEP,2010,1.198,40.0
PER,SHEEP,2011,1.212,41.0
PER,SHEEP,2012,1.255,43.0
PER,SHEEP,2013,1.18,41.0
PER,SHEEP,2014,1.222,43.0
PER,SHEEP,2015,1.234,44.0
PER,SHEEP,2016,1.246,45.0
PER,SHEEP,2017,1.254,45.841
PER,SHEEP,2018,1.251,46.272
PER,SHEEP,2019,1.256,47.018
PER,SHEEP,2020,1.257,47.608
PER,SHEEP,2021,1.263,48.366
PER,SHEEP,2022,1.266,48.996
PER,SHEEP,2023,1.265,49.51
PER,SHEEP,2024,1.27,50.196
PER,SHEEP,2025,1.273,50.853
PER,SHEEP,2026,1.283,51.75
PHL,BEEF,1990,1.571,139.0
PHL,BEEF,1991,1.543,140.0
PHL,BEEF,1992,1.603,149.0
PHL,BEEF,1993,1.68,160.0
PHL,BEEF,1994,1.857,181.0
PHL,BEEF,1995,2.115,211.0
PHL,BEEF,1996,2.352,240.0
PHL,BEEF,1997,2.693,281.0
PHL,BEEF,1998,2.644,282.0
PHL,BEEF,1999,3.175,346.0
PHL,BEEF,2000,3.368,375.0
PHL,BEEF,2001,3.148,358.0
PHL,BEEF,2002,3.186,370.0
PHL,BEEF,2003,3.181,377.0
PHL,BEEF,2004,3.393,410.0
PHL,BEEF,2005,3.064,377.0
PHL,BEEF,2006,3.021,378.0
PHL,BEEF,2007,3.375,429.0
PHL,BEEF,2008,3.341,431.0
PHL,BEEF,2009,3.078,403.0
PHL,BEEF,2010,3.205,426.0
PHL,BEEF,2011,3.511,474.0
PHL,BEEF,2012,2.96,406.0
PHL,BEEF,2013,2.884,402.0
PHL,BEEF,2014,3.022,428.0
PHL,BEEF,2015,2.975,428.0
PHL,BEEF,2016,2.916,426.0
PHL,BEEF,2017,2.946,436.86
PHL,BEEF,2018,2.942,442.772
PHL,BEEF,2019,2.923,446.372
PHL,BEEF,2020,2.913,451.321
PHL,BEEF,2021,2.917,458.39
PHL,BEEF,2022,2.92,465.32
PHL,BEEF,2023,2.917,471.308
PHL,BEEF,2024,2.909,476.338
PHL,BEEF,2025,2.906,482.168
PHL,BEEF,2026,2.915,489.919
PHL,PIG,1990,8.625,685.0
PHL,PIG,1991,8.622,702.0
PHL,PIG,1992,7.898,659.0
PHL,PIG,1993,8.554,731.0
PHL,PIG,1994,8.653,757.0
PHL,PIG,1995,9.092,814.0
PHL,PIG,1996,11.388,1043.0
PHL,PIG,1997,11.725,1098.0
PHL,PIG,1998,11.963,1145.0
PHL,PIG,1999,12.403,1213.0
PHL,PIG,2000,12.511,1250.0
PHL,PIG,2001,12.728,1299.0
PHL,PIG,2002,13.154,1371.0
PHL,PIG,2003,13.218,1406.0
PHL,PIG,2004,12.798,1388.0
PHL,PIG,2005,13.012,1437.0
PHL,PIG,2006,14.132,1587.0
PHL,PIG,2007,14.379,1640.0
PHL,PIG,2008,14.236,1648.0
PHL,PIG,2009,14.342,1685.0
PHL,PIG,2010,14.537,1734.0
PHL,PIG,2011,14.32,1735.0
PHL,PIG,2012,14.2,1748.0
PHL,PIG,2013,14.389,1800.0
PHL,PIG,2014,14.296,1817.0
PHL,PIG,2015,14.02,1810.0
PHL,PIG,2016,14.067,1844.0
PHL,PIG,2017,14.199,1889.444
PHL,PIG,2018,14.034,1895.39
PHL,PIG,2019,14.087,1930.404
PHL,PIG,2020,14.129,1964.254
PHL,PIG,2021,14.163,1997.107
PHL,PIG,2022,14.199,2030.473
PHL,PIG,2023,14.25,2066.016
PHL,PIG,2024,14.301,2101.56
PHL,PIG,2025,14.349,2136.777
PHL,PIG,2026,14.406,2173.206
PHL,POULTRY,1990,3.438,242.0
PHL,POULTRY,1991,3.977,287.0
PHL,POULTRY,1992,4.151,307.0
PHL,POULTRY,1993,4.819,365.0
PHL,POULTRY,1994,4.913,381.0
PHL,POULTRY,1995,5.292,420.0
PHL,POULTRY,1996,5.864,476.0
PHL,POULTRY,1997,6.253,519.0
PHL,POULTRY,1998,6.106,518.0
PHL,POULTRY,1999,6.322,548.0
PHL,POULTRY,2000,6.515,577.0
PHL,POULTRY,2001,6.92,626.0
PHL,POULTRY,2002,7.242,669.0
PHL,POULTRY,2003,7.201,679.0
PHL,POULTRY,2004,7.334,705.0
PHL,POULTRY,2005,7.192,704.0
PHL,POULTRY,2006,7.233,720.0
PHL,POULTRY,2007,8.081,817.0
PHL,POULTRY,2008,8.674,890.0
PHL,POULTRY,2009,8.825,919.0
PHL,POULTRY,2010,9.439,998.0
PHL,POULTRY,2011,9.74,1046.0
PHL,POULTRY,2012,9.944,1085.0
PHL,POULTRY,2013,10.588,1174.0
PHL,POULTRY,2014,11.282,1271.0
PHL,POULTRY,2015,11.299,1293.0
PHL,POULTRY,2016,11.748,1365.0
PHL,POULTRY,2017,11.984,1413.473
PHL,POULTRY,2018,12.16,1455.666
PHL,POULTRY,2019,12.347,1499.65
PHL,POULTRY,2020,12.534,1544.436
PHL,POULTRY,2021,12.583,1572.755
PHL,POULTRY,2022,12.66,1604.584
PHL,POULTRY,2023,12.731,1636.055
PHL,POULTRY,2024,12.809,1668.425
PHL,POULTRY,2025,12.888,1701.068
PHL,POULTRY,2026,12.963,1733.359
PHL,SHEEP,1990,0.384,27.0
PHL,SHEEP,1991,0.346,25.0
PHL,SHEEP,1992,0.365,27.0
PHL,SHEEP,1993,0.37,28.0
PHL,SHEEP,1994,0.4,31.0
PHL,SHEEP,1995,0.391,31.0
PHL,SHEEP,1996,0.37,30.0
PHL,SHEEP,1997,0.373,31.0
PHL,SHEEP,1998,0.365,31.0
PHL,SHEEP,1999,0.381,33.0
PHL,SHEEP,2000,0.384,34.0
PHL,SHEEP,2001,0.387,35.0
PHL,SHEEP,2002,0.368,34.0
PHL,SHEEP,2003,0.35,33.0
PHL,SHEEP,2004,0.354,34.0
PHL,SHEEP,2005,0.368,36.0
PHL,SHEEP,2006,0.462,46.0
PHL,SHEEP,2007,0.495,50.0
PHL,SHEEP,2008,0.517,53.0
PHL,SHEEP,2009,0.528,55.0
PHL,SHEEP,2010,0.539,57.0
PHL,SHEEP,2011,0.531,57.0
PHL,SHEEP,2012,0.504,55.0
PHL,SHEEP,2013,0.505,56.0
PHL,SHEEP,2014,0.506,57.0
PHL,SHEEP,2015,0.498,57.0
PHL,SHEEP,2016,0.491,57.0
PHL,SHEEP,2017,0.491,57.962
PHL,SHEEP,2018,0.493,58.983
PHL,SHEEP,2019,0.494,60.03
PHL,SHEEP,2020,0.496,61.138
PHL,SHEEP,2021,0.498,62.217
PHL,SHEEP,2022,0.5,63.318
PHL,SHEEP,2023,0.502,64.452
PHL,SHEEP,2024,0.504,65.604
PHL,SHEEP,2025,0.506,66.788
PHL,SHEEP,2026,0.509,68.005
PRY,BEEF,1990,14.287,86.0
PRY,BEEF,1991,28.496,176.0
PRY,BEEF,1992,31.741,201.0
PRY,BEEF,1993,29.745,193.0
PRY,BEEF,1994,29.046,193.0
PRY,BEEF,1995,29.995,204.0
PRY,BEEF,1996,28.6,199.0
PRY,BEEF,1997,27.829,198.0
PRY,BEEF,1998,26.546,193.0
PRY,BEEF,1999,30.306,225.0
PRY,BEEF,2000,24.95,189.0
PRY,BEEF,2001,22.528,174.0
PRY,BEEF,2002,27.448,216.0
PRY,BEEF,2003,22.718,182.0
PRY,BEEF,2004,13.377,109.0
PRY,BEEF,2005,8.696,72.0
PRY,BEEF,2006,21.299,179.0
PRY,BEEF,2007,23.583,201.0
PRY,BEEF,2008,28.361,245.0
PRY,BEEF,2009,31.528,276.0
PRY,BEEF,2010,25.926,230.0
PRY,BEEF,2011,22.244,200.0
PRY,BEEF,2012,25.238,230.0
PRY,BEEF,2013,22.844,211.0
PRY,BEEF,2014,22.755,213.0
PRY,BEEF,2015,25.305,240.0
PRY,BEEF,2016,24.668,237.0
PRY,BEEF,2017,25.522,248.348
PRY,BEEF,2018,25.438,250.649
PRY,BEEF,2019,25.496,254.326
PRY,BEEF,2020,25.726,259.724
PRY,BEEF,2021,26.092,266.539
PRY,BEEF,2022,26.54,274.247
PRY,BEEF,2023,26.868,280.757
PRY,BEEF,2024,27.261,287.996
PRY,BEEF,2025,27.576,294.428
PRY,BEEF,2026,27.88,300.745
PRY,PIG,1990,21.843,118.0
PRY,PIG,1991,21.83,121.0
PRY,PIG,1992,22.171,126.0
PRY,PIG,1993,21.81,127.0
PRY,PIG,1994,21.465,128.0
PRY,PIG,1995,21.299,130.0
PRY,PIG,1996,18.576,116.0
PRY,PIG,1997,18.481,118.0
PRY,PIG,1998,18.391,120.0
PRY,PIG,1999,18.161,121.0
PRY,PIG,2000,16.769,114.0
PRY,PIG,2001,17.024,118.0
PRY,PIG,2002,12.744,90.0
PRY,PIG,2003,21.281,153.0
PRY,PIG,2004,20.103,147.0
PRY,PIG,2005,20.323,151.0
PRY,PIG,2006,20.551,155.0
PRY,PIG,2007,19.349,148.0
PRY,PIG,2008,18.574,144.0
PRY,PIG,2009,18.329,144.0
PRY,PIG,2010,20.223,161.0
PRY,PIG,2011,20.573,166.0
PRY,PIG,2012,20.786,170.0
PRY,PIG,2013,21.232,176.0
PRY,PIG,2014,21.189,178.0
PRY,PIG,2015,20.912,178.0
PRY,PIG,2016,20.876,180.0
PRY,PIG,2017,20.6,179.893
PRY,PIG,2018,20.648,182.59
PRY,PIG,2019,20.79,186.115
PRY,PIG,2020,20.923,189.568
PRY,PIG,2021,20.968,192.225
PRY,PIG,2022,20.973,194.497
PRY,PIG,2023,21.073,197.623
PRY,PIG,2024,21.197,200.966
PRY,PIG,2025,21.322,204.307
PRY,PIG,2026,21.462,207.769
PRY,POULTRY,1990,5.221,25.0
PRY,POULTRY,1991,3.867,19.0
PRY,POULTRY,1992,3.97,20.0
PRY,POULTRY,1993,4.263,22.0
PRY,POULTRY,1994,5.865,31.0
PRY,POULTRY,1995,6.285,34.0
PRY,POULTRY,1996,6.143,34.0
PRY,POULTRY,1997,6.538,37.0
PRY,POULTRY,1998,6.744,39.0
PRY,POULTRY,1999,7.112,42.0
PRY,POULTRY,2000,5.808,35.0
PRY,POULTRY,2001,6.185,38.0
PRY,POULTRY,2002,5.911,37.0
PRY,POULTRY,2003,6.12,39.0
PRY,POULTRY,2004,6.634,43.0
PRY,POULTRY,2005,6.529,43.0
PRY,POULTRY,2006,6.881,46.0
PRY,POULTRY,2007,4.572,31.0
PRY,POULTRY,2008,5.53,38.0
PRY,POULTRY,2009,5.313,37.0
PRY,POULTRY,2010,5.102,36.0
PRY,POULTRY,2011,5.593,40.0
PRY,POULTRY,2012,5.794,42.0
PRY,POULTRY,2013,5.852,43.0
PRY,POULTRY,2014,5.909,44.0
PRY,POULTRY,2015,5.965,45.0
PRY,POULTRY,2016,6.019,46.0
PRY,POULTRY,2017,6.036,46.721
PRY,POULTRY,2018,6.052,47.438
PRY,POULTRY,2019,6.081,48.251
PRY,POULTRY,2020,6.094,48.941
PRY,POULTRY,2021,6.112,49.668
PRY,POULTRY,2022,6.143,50.493
PRY,POULTRY,2023,6.18,51.371
PRY,POULTRY,2024,6.22,52.267
PRY,POULTRY,2025,6.264,53.201
PRY,POULTRY,2026,6.312,54.163
PRY,SHEEP,1990,0.627,3.0
PRY,SHEEP,1991,0.611,3.0
PRY,SHEEP,1992,0.596,3.0
PRY,SHEEP,1993,0.581,3.0
PRY,SHEEP,1994,0.568,3.0
PRY,SHEEP,1995,0.555,3.0
PRY,SHEEP,1996,0.542,3.0
PRY,SHEEP,1997,0.53,3.0
PRY,SHEEP,1998,0.519,3.0
PRY,SHEEP,1999,0.508,3.0
PRY,SHEEP,2000,0.498,3.0
PRY,SHEEP,2001,0.488,3.0
PRY,SHEEP,2002,0.479,3.0
PRY,SHEEP,2003,0.471,3.0
PRY,SHEEP,2004,0.617,4.0
PRY,SHEEP,2005,0.607,4.0
PRY,SHEEP,2006,0.449,3.0
PRY,SHEEP,2007,0.442,3.0
PRY,SHEEP,2008,0.437,3.0
PRY,SHEEP,2009,0.431,3.0
PRY,SHEEP,2010,0.567,4.0
PRY,SHEEP,2011,0.559,4.0
PRY,SHEEP,2012,0.552,4.0
PRY,SHEEP,2013,0.544,4.0
PRY,SHEEP,2014,0.537,4.0
PRY,SHEEP,2015,0.53,4.0
PRY,SHEEP,2016,0.523,4.0
PRY,SHEEP,2017,0.52,4.024
PRY,SHEEP,2018,0.52,4.079
PRY,SHEEP,2019,0.523,4.152
PRY,SHEEP,2020,0.526,4.226
PRY,SHEEP,2021,0.529,4.301
PRY,SHEEP,2022,0.533,4.378
PRY,SHEEP,2023,0.536,4.458
PRY,SHEEP,2024,0.54,4.539
PRY,SHEEP,2025,0.544,4.622
PRY,SHEEP,2026,0.549,4.71
RUS,BEEF,1992,20.194,4278.848
RUS,BEEF,1993,18.893,4006.307
RUS,BEEF,1994,17.946,3805.007
RUS,BEEF,1995,15.598,3304.497
RUS,BEEF,1996,15.136,3201.924
RUS,BEEF,1997,15.251,3219.442
RUS,BEEF,1998,14.0,2947.76
RUS,BEEF,1999,11.95,2508.128
RUS,BEEF,2000,10.349,2164.374
RUS,BEEF,2001,11.271,2347.877
RUS,BEEF,2002,12.003,2489.606
RUS,BEEF,2003,12.221,2524.185
RUS,BEEF,2004,12.09,2487.769
RUS,BEEF,2005,12.6,2585.3
RUS,BEEF,2006,11.93,2442.8
RUS,BEEF,2007,12.365,2529.122
RUS,BEEF,2008,14.156,2894.416
RUS,BEEF,2009,12.849,2627.156
RUS,BEEF,2010,13.216,2702.74
RUS,BEEF,2011,13.488,2759.451
RUS,BEEF,2012,14.052,2876.352
RUS,BEEF,2013,12.162,2490.942
RUS,BEEF,2014,11.88,2434.151
RUS,BEEF,2015,10.226,2095.602
RUS,BEEF,2016,9.764,2000.789
RUS,BEEF,2017,10.063,2061.155
RUS,BEEF,2018,10.081,2063.076
RUS,BEEF,2019,10.081,2060.824
RUS,BEEF,2020,10.168,2075.602
RUS,BEEF,2021,10.33,2105.159
RUS,BEEF,2022,10.491,2133.341
RUS,BEEF,2023,10.642,2158.857
RUS,BEEF,2024,10.79,2183.126
RUS,BEEF,2025,10.956,2210.07
RUS,BEEF,2026,11.142,2240.316
RUS,PIG,1993,14.672,2792.127
RUS,PIG,1994,13.21,2513.64
RUS,PIG,1995,12.507,2377.734
RUS,PIG,1996,11.673,2216.052
RUS,PIG,1997,11.826,2240.444
RUS,PIG,1998,11.733,2217.0
RUS,PIG,1999,10.715,2018.4
RUS,PIG,2000,9.492,1781.581
RUS,PIG,2001,10.142,1896.0
RUS,PIG,2002,11.963,2226.8
RUS,PIG,2003,11.378,2109.1
RUS,PIG,2004,11.757,2171.1
RUS,PIG,2005,12.936,2381.96
RUS,PIG,2006,14.009,2574.4
RUS,PIG,2007,15.378,2822.83
RUS,PIG,2008,18.081,3317.7
RUS,PIG,2009,17.421,3196.738
RUS,PIG,2010,17.759,3259.452
RUS,PIG,2011,19.332,3549.4
RUS,PIG,2012,19.586,3597.959
RUS,PIG,2013,20.364,3742.945
RUS,PIG,2014,19.031,3499.467
RUS,PIG,2015,19.048,3503.322
RUS,PIG,2016,20.0,3678.011
RUS,PIG,2017,20.75,3814.124
RUS,PIG,2018,21.126,3880.251
RUS,PIG,2019,21.506,3945.547
RUS,PIG,2020,21.634,3963.328
RUS,PIG,2021,21.707,3969.781
RUS,PIG,2022,21.8,3978.561
RUS,PIG,2023,21.952,3996.565
RUS,PIG,2024,22.088,4010.612
RUS,PIG,2025,22.14,4008.022
RUS,PIG,2026,22.249,4014.83
RUS,POULTRY,1992,8.805,1484.034
RUS,POULTRY,1993,8.633,1456.222
RUS,POULTRY,1994,10.21,1721.882
RUS,POULTRY,1995,9.97,1680.161
RUS,POULTRY,1996,8.467,1424.734
RUS,POULTRY,1997,10.562,1773.686
RUS,POULTRY,1998,9.13,1529.098
RUS,POULTRY,1999,5.923,988.858
RUS,POULTRY,2000,8.758,1456.992
RUS,POULTRY,2001,13.031,2159.216
RUS,POULTRY,2002,14.105,2327.2
RUS,POULTRY,2003,13.953,2292.5
RUS,POULTRY,2004,14.15,2316.2
RUS,POULTRY,2005,16.773,2737.5
RUS,POULTRY,2006,17.929,2920.4
RUS,POULTRY,2007,19.854,3230.3
RUS,POULTRY,2008,21.144,3438.9
RUS,POULTRY,2009,21.734,3534.894
RUS,POULTRY,2010,21.608,3515.21
RUS,POULTRY,2011,22.52,3664.942
RUS,POULTRY,2012,25.631,4173.345
RUS,POULTRY,2013,26.381,4297.986
RUS,POULTRY,2014,27.391,4464.402
RUS,POULTRY,2015,28.32,4616.755
RUS,POULTRY,2016,28.451,4637.555
RUS,POULTRY,2017,28.675,4671.861
RUS,POULTRY,2018,28.861,4698.479
RUS,POULTRY,2019,29.025,4719.902
RUS,POULTRY,2020,29.179,4738.171
RUS,POULTRY,2021,29.31,4751.155
RUS,POULTRY,2022,29.528,4776.437
RUS,POULTRY,2023,29.76,4802.392
RUS,POULTRY,2024,29.881,4809.018
RUS,POULTRY,2025,30.055,4822.636
RUS,POULTRY,2026,30.203,4830.899
RUS,SHEEP,1992,2.067,348.367
RUS,SHEEP,1993,2.205,371.909
RUS,SHEEP,1994,1.881,317.324
RUS,SHEEP,1995,1.73,291.464
RUS,SHEEP,1996,1.418,238.658
RUS,SHEEP,1997,1.292,217.003
RUS,SHEEP,1998,1.142,191.276
RUS,SHEEP,1999,0.876,146.207
RUS,SHEEP,2000,0.854,142.092
RUS,SHEEP,2001,0.818,135.597
RUS,SHEEP,2002,0.824,136.004
RUS,SHEEP,2003,0.759,124.673
RUS,SHEEP,2004,0.799,130.753
RUS,SHEEP,2005,0.949,154.96
RUS,SHEEP,2006,1.037,168.836
RUS,SHEEP,2007,1.099,178.758
RUS,SHEEP,2008,1.167,189.769
RUS,SHEEP,2009,1.136,184.707
RUS,SHEEP,2010,1.186,192.877
RUS,SHEEP,2011,1.202,195.611
RUS,SHEEP,2012,1.245,202.683
RUS,SHEEP,2013,1.283,209.015
RUS,SHEEP,2014,1.092,178.054
RUS,SHEEP,2015,1.159,188.899
RUS,SHEEP,2016,1.171,190.82
RUS,SHEEP,2017,1.172,190.905
RUS,SHEEP,2018,1.178,191.718
RUS,SHEEP,2019,1.189,193.38
RUS,SHEEP,2020,1.194,193.935
RUS,SHEEP,2021,1.2,194.52
RUS,SHEEP,2022,1.208,195.397
RUS,SHEEP,2023,1.216,196.169
RUS,SHEEP,2024,1.225,197.161
RUS,SHEEP,2025,1.235,198.158
RUS,SHEEP,2026,1.245,199.111
SAU,BEEF,1990,3.038,71.0
SAU,BEEF,1991,3.481,84.0
SAU,BEEF,1992,3.541,88.0
SAU,BEEF,1993,1.995,51.0
SAU,BEEF,1994,2.057,54.0
SAU,BEEF,1995,3.601,97.0
SAU,BEEF,1996,2.426,67.0
SAU,BEEF,1997,2.262,64.0
SAU,BEEF,1998,2.862,83.0
SAU,BEEF,1999,2.017,60.0
SAU,BEEF,2000,2.716,83.0
SAU,BEEF,2001,1.718,54.0
SAU,BEEF,2002,2.563,83.0
SAU,BEEF,2003,2.397,80.0
SAU,BEEF,2004,3.026,104.0
SAU,BEEF,2005,2.885,102.0
SAU,BEEF,2006,3.635,132.0
SAU,BEEF,2007,3.945,147.0
SAU,BEEF,2008,3.769,144.0
SAU,BEEF,2009,4.035,158.0
SAU,BEEF,2010,4.261,171.0
SAU,BEEF,2011,4.255,175.0
SAU,BEEF,2012,4.438,187.0
SAU,BEEF,2013,4.149,179.0
SAU,BEEF,2014,4.125,182.0
SAU,BEEF,2015,3.973,179.0
SAU,BEEF,2016,3.831,176.0
SAU,BEEF,2017,3.867,180.89
SAU,BEEF,2018,3.836,182.494
SAU,BEEF,2019,3.829,185.108
SAU,BEEF,2020,3.828,187.958
SAU,BEEF,2021,3.833,191.018
SAU,BEEF,2022,3.84,194.147
SAU,BEEF,2023,3.843,197.005
SAU,BEEF,2024,3.849,200.0
SAU,BEEF,2025,3.852,202.764
SAU,BEEF,2026,3.854,205.449
SAU,PIG,1990,0.0,0.0
SAU,PIG,1991,0.0,0.0
SAU,PIG,1992,0.0,0.0
SAU,PIG,1993,0.0,0.0
SAU,PIG,1994,0.0,0.0
SAU,PIG,1995,0.0,0.0
SAU,PIG,1996,0.0,0.0
SAU,PIG,1997,0.0,0.0
SAU,PIG,1998,0.0,0.0
SAU,PIG,1999,0.0,0.0
SAU,PIG,2000,0.073,2.0
SAU,PIG,2001,0.106,3.0
SAU,PIG,2002,0.103,3.0
SAU,PIG,2003,0.1,3.0
SAU,PIG,2004,0.097,3.0
SAU,PIG,2005,0.158,5.0
SAU,PIG,2006,0.123,4.0
SAU,PIG,2007,0.15,5.0
SAU,PIG,2008,0.0,0.0
SAU,PIG,2009,0.0,0.0
SAU,PIG,2010,0.167,6.0
SAU,PIG,2011,0.244,9.0
SAU,PIG,2012,0.238,9.0
SAU,PIG,2013,0.232,9.0
SAU,PIG,2014,0.253,10.0
SAU,PIG,2015,0.247,10.0
SAU,PIG,2016,0.243,10.0
SAU,PIG,2017,0.238,10.0
SAU,PIG,2018,0.234,10.0
SAU,PIG,2019,0.231,10.0
SAU,PIG,2020,0.227,10.0
SAU,PIG,2021,0.224,10.0
SAU,PIG,2022,0.22,10.0
SAU,PIG,2023,0.217,10.0
SAU,PIG,2024,0.214,10.0
SAU,PIG,2025,0.212,10.0
SAU,PIG,2026,0.209,10.0
SAU,POULTRY,1990,25.548,475.0
SAU,POULTRY,1991,27.353,525.0
SAU,POULTRY,1992,23.974,474.0
SAU,POULTRY,1993,22.135,450.0
SAU,POULTRY,1994,20.691,432.0
SAU,POULTRY,1995,26.418,566.0
SAU,POULTRY,1996,24.992,549.0
SAU,POULTRY,1997,27.453,618.0
SAU,POULTRY,1998,30.385,701.0
SAU,POULTRY,1999,33.001,781.0
SAU,POULTRY,2000,35.46,862.0
SAU,POULTRY,2001,37.626,941.0
SAU,POULTRY,2002,33.503,863.0
SAU,POULTRY,2003,33.191,881.0
SAU,POULTRY,2004,30.363,830.0
SAU,POULTRY,2005,34.709,976.0
SAU,POULTRY,2006,32.784,947.0
SAU,POULTRY,2007,33.839,1003.0
SAU,POULTRY,2008,35.44,1077.0
SAU,POULTRY,2009,37.917,1181.0
SAU,POULTRY,2010,38.752,1237.0
SAU,POULTRY,2011,40.686,1331.0
SAU,POULTRY,2012,40.485,1357.0
SAU,POULTRY,2013,41.638,1429.0
SAU,POULTRY,2014,39.461,1385.0
SAU,POULTRY,2015,44.418,1592.0
SAU,POULTRY,2016,44.468,1625.0
SAU,POULTRY,2017,44.665,1661.882
SAU,POULTRY,2018,44.711,1691.886
SAU,POULTRY,2019,44.826,1723.689
SAU,POULTRY,2020,44.957,1755.704
SAU,POULTRY,2021,45.091,1787.407
SAU,POULTRY,2022,45.29,1821.291
SAU,POULTRY,2023,45.504,1855.491
SAU,POULTRY,2024,45.749,1890.718
SAU,POULTRY,2025,46.001,1926.136
SAU,POULTRY,2026,46.261,1961.747
SAU,SHEEP,1990,5.701,106.0
SAU,SHEEP,1991,5.679,109.0
SAU,SHEEP,1992,5.932,117.279
SAU,SHEEP,1993,7.621,154.946
SAU,SHEEP,1994,6.399,133.596
SAU,SHEEP,1995,7.136,152.883
SAU,SHEEP,1996,6.809,149.586
SAU,SHEEP,1997,6.571,147.924
SAU,SHEEP,1998,6.112,141.0
SAU,SHEEP,1999,6.211,147.0
SAU,SHEEP,2000,6.376,155.0
SAU,SHEEP,2001,5.638,141.0
SAU,SHEEP,2002,5.529,142.414
SAU,SHEEP,2003,5.312,141.0
SAU,SHEEP,2004,5.268,144.0
SAU,SHEEP,2005,5.582,156.971
SAU,SHEEP,2006,5.089,147.0
SAU,SHEEP,2007,5.331,158.0
SAU,SHEEP,2008,4.574,139.0
SAU,SHEEP,2009,4.267,132.917
SAU,SHEEP,2010,4.856,155.0
SAU,SHEEP,2011,5.288,173.0
SAU,SHEEP,2012,5.542,185.761
SAU,SHEEP,2013,5.464,187.528
SAU,SHEEP,2014,5.585,196.017
SAU,SHEEP,2015,5.445,195.141
SAU,SHEEP,2016,5.286,193.173
SAU,SHEEP,2017,5.279,196.401
SAU,SHEEP,2018,5.274,199.59
SAU,SHEEP,2019,5.279,202.976
SAU,SHEEP,2020,5.283,206.31
SAU,SHEEP,2021,5.289,209.66
SAU,SHEEP,2022,5.299,213.079
SAU,SHEEP,2023,5.311,216.584
SAU,SHEEP,2024,5.327,220.157
SAU,SHEEP,2025,5.345,223.785
SAU,SHEEP,2026,5.365,227.526
SDN,BEEF,1990,0.008,218.0
SDN,BEEF,1991,0.009,231.0
SDN,BEEF,1992,0.008,226.0
SDN,BEEF,1993,0.008,214.0
SDN,BEEF,1994,0.007,211.0
SDN,BEEF,1995,0.007,224.0
SDN,BEEF,1996,0.007,224.0
SDN,BEEF,1997,0.008,246.0
SDN,BEEF,1998,0.008,259.0
SDN,BEEF,1999,0.008,273.0
SDN,BEEF,2000,0.008,294.0
SDN,BEEF,2001,0.009,318.0
SDN,BEEF,2002,0.009,325.0
SDN,BEEF,2003,0.009,340.0
SDN,BEEF,2004,0.009,339.0
SDN,BEEF,2005,0.009,349.0
SDN,BEEF,2006,0.008,350.0
SDN,BEEF,2007,0.008,340.0
SDN,BEEF,2008,0.008,340.0
SDN,BEEF,2009,0.008,342.0
SDN,BEEF,2010,0.007,344.0
SDN,BEEF,2011,0.007,346.0
SDN,BEEF,2012,0.007,359.0
SDN,BEEF,2013,0.007,359.0
SDN,BEEF,2014,0.007,359.0
SDN,BEEF,2015,0.007,360.0
SDN,BEEF,2016,0.007,360.0
SDN,BEEF,2017,0.007,359.847
SDN,BEEF,2018,0.006,351.21
SDN,BEEF,2019,0.006,344.626
SDN,BEEF,2020,0.006,341.413
SDN,BEEF,2021,0.006,346.296
SDN,BEEF,2022,0.006,350.737
SDN,BEEF,2023,0.006,353.107
SDN,BEEF,2024,0.005,356.218
SDN,BEEF,2025,0.005,357.148
SDN,BEEF,2026,0.005,357.762
SDN,PIG,1990,0.0,0.0
SDN,PIG,1991,0.0,0.0
SDN,PIG,1992,0.0,0.0
SDN,PIG,1993,0.0,0.0
SDN,PIG,1994,0.0,0.0
SDN,PIG,1995,0.0,0.0
SDN,PIG,1996,0.0,0.0
SDN,PIG,1997,0.0,0.0
SDN,PIG,1998,0.0,0.0
SDN,PIG,1999,0.0,0.0
SDN,PIG,2000,0.0,0.0
SDN,PIG,2001,0.0,0.0
SDN,PIG,2002,0.0,0.0
SDN,PIG,2003,0.0,0.0
SDN,PIG,2004,0.0,0.0
SDN,PIG,2005,0.0,0.0
SDN,PIG,2006,0.0,0.0
SDN,PIG,2007,0.0,0.0
SDN,PIG,2008,0.0,0.0
SDN,PIG,2009,0.0,0.0
SDN,PIG,2010,0.0,0.0
SDN,PIG,2011,0.0,0.0
SDN,PIG,2012,0.0,0.0
SDN,PIG,2013,0.0,0.0
SDN,PIG,2014,0.0,0.0
SDN,PIG,2015,0.0,0.0
SDN,PIG,2016,0.0,0.0
SDN,PIG,2017,0.0,0.001
SDN,PIG,2018,0.0,0.001
SDN,PIG,2019,0.0,0.001
SDN,PIG,2020,0.0,0.001
SDN,PIG,2021,0.0,0.001
SDN,PIG,2022,0.0,0.001
SDN,PIG,2023,0.0,0.001
SDN,PIG,2024,0.0,0.001
SDN,PIG,2025,0.0,0.001
SDN,PIG,2026,0.0,0.001
SDN,POULTRY,1990,0.001,22.0
SDN,POULTRY,1991,0.001,22.0
SDN,POULTRY,1992,0.001,23.0
SDN,POULTRY,1993,0.001,24.0
SDN,POULTRY,1994,0.001,24.0
SDN,POULTRY,1995,0.001,25.0
SDN,POULTRY,1996,0.001,27.0
SDN,POULTRY,1997,0.001,25.0
SDN,POULTRY,1998,0.001,25.0
SDN,POULTRY,1999,0.001,26.0
SDN,POULTRY,2000,0.001,26.0
SDN,POULTRY,2001,0.001,27.0
SDN,POULTRY,2002,0.001,27.0
SDN,POULTRY,2003,0.001,29.0
SDN,POULTRY,2004,0.001,37.0
SDN,POULTRY,2005,0.001,30.0
SDN,POULTRY,2006,0.001,25.0
SDN,POULTRY,2007,0.001,27.0
SDN,POULTRY,2008,0.001,28.0
SDN,POULTRY,2009,0.001,29.0
SDN,POULTRY,2010,0.001,40.0
SDN,POULTRY,2011,0.001,44.0
SDN,POULTRY,2012,0.001,49.0
SDN,POULTRY,2013,0.001,49.0
SDN,POULTRY,2014,0.001,48.0
SDN,POULTRY,2015,0.001,51.0
SDN,POULTRY,2016,0.001,51.0
SDN,POULTRY,2017,0.001,54.078
SDN,POULTRY,2018,0.001,56.282
SDN,POULTRY,2019,0.001,59.181
SDN,POULTRY,2020,0.001,61.978
SDN,POULTRY,2021,0.001,64.839
SDN,POULTRY,2022,0.001,66.793
SDN,POULTRY,2023,0.001,68.903
SDN,POULTRY,2024,0.001,71.172
SDN,POULTRY,2025,0.001,73.498
SDN,POULTRY,2026,0.001,75.845
SDN,SHEEP,1990,0.004,105.0
SDN,SHEEP,1991,0.005,129.0
SDN,SHEEP,1992,0.006,152.0
SDN,SHEEP,1993,0.006,174.0
SDN,SHEEP,1994,0.007,202.0
SDN,SHEEP,1995,0.008,232.0
SDN,SHEEP,1996,0.007,230.0
SDN,SHEEP,1997,0.008,247.0
SDN,SHEEP,1998,0.008,255.0
SDN,SHEEP,1999,0.007,250.0
SDN,SHEEP,2000,0.007,255.0
SDN,SHEEP,2001,0.007,267.0
SDN,SHEEP,2002,0.007,262.0
SDN,SHEEP,2003,0.007,273.0
SDN,SHEEP,2004,0.007,278.0
SDN,SHEEP,2005,0.008,329.0
SDN,SHEEP,2006,0.011,445.0
SDN,SHEEP,2007,0.011,452.0
SDN,SHEEP,2008,0.011,479.0
SDN,SHEEP,2009,0.01,462.0
SDN,SHEEP,2010,0.01,472.0
SDN,SHEEP,2011,0.01,476.0
SDN,SHEEP,2012,0.01,476.0
SDN,SHEEP,2013,0.01,476.0
SDN,SHEEP,2014,0.009,476.0
SDN,SHEEP,2015,0.009,477.0
SDN,SHEEP,2016,0.009,475.0
SDN,SHEEP,2017,0.009,480.765
SDN,SHEEP,2018,0.009,488.115
SDN,SHEEP,2019,0.009,504.487
SDN,SHEEP,2020,0.009,517.799
SDN,SHEEP,2021,0.009,529.145
SDN,SHEEP,2022,0.009,539.685
SDN,SHEEP,2023,0.009,550.691
SDN,SHEEP,2024,0.009,562.711
SDN,SHEEP,2025,0.009,575.167
SDN,SHEEP,2026,0.009,587.574
SSA,BEEF,1990,3.861,2333.0
SSA,BEEF,1991,3.874,2407.0
SSA,BEEF,1992,3.821,2441.0
SSA,BEEF,1993,3.264,2407.0
SSA,BEEF,1994,3.133,2376.0
SSA,BEEF,1995,3.091,2410.0
SSA,BEEF,1996,3.129,2507.0
SSA,BEEF,1997,3.137,2582.0
SSA,BEEF,1998,3.136,2652.0
SSA,BEEF,1999,3.193,2774.0
SSA,BEEF,2000,3.217,2871.0
SSA,BEEF,2001,3.234,2966.0
SSA,BEEF,2002,3.408,3211.222
SSA,BEEF,2003,3.322,3217.0
SSA,BEEF,2004,3.277,3262.0
SSA,BEEF,2005,3.388,3467.0
SSA,BEEF,2006,3.37,3547.0
SSA,BEEF,2007,3.44,3723.0
SSA,BEEF,2008,3.459,3851.0
SSA,BEEF,2009,3.383,3873.0
SSA,BEEF,2010,3.256,3835.0
SSA,BEEF,2011,3.281,3974.0
SSA,BEEF,2012,3.212,4001.0
SSA,BEEF,2013,3.254,4168.0
SSA,BEEF,2014,3.228,4251.0
SSA,BEEF,2015,3.13,4236.0
SSA,BEEF,2016,3.029,4214.0
SSA,BEEF,2017,3.028,4327.354
SSA,BEEF,2018,2.985,4383.253
SSA,BEEF,2019,2.954,4453.787
SSA,BEEF,2020,2.946,4560.459
SSA,BEEF,2021,2.964,4710.044
SSA,BEEF,2022,2.984,4866.512
SSA,BEEF,2023,2.988,4999.978
SSA,BEEF,2024,2.988,5129.223
SSA,BEEF,2025,2.986,5255.434
SSA,BEEF,2026,2.986,5388.689
SSA,PIG,1990,0.87,472.0
SSA,PIG,1991,0.848,473.0
SSA,PIG,1992,0.849,487.0
SSA,PIG,1993,0.745,493.0
SSA,PIG,1994,0.739,503.0
SSA,PIG,1995,0.769,538.0
SSA,PIG,1996,0.771,554.0
SSA,PIG,1997,0.778,575.0
SSA,PIG,1998,0.762,578.0
SSA,PIG,1999,0.744,580.0
SSA,PIG,2000,0.883,707.0
SSA,PIG,2001,0.909,748.0
SSA,PIG,2002,0.899,760.0
SSA,PIG,2003,0.873,759.0
SSA,PIG,2004,0.895,800.0
SSA,PIG,2005,0.943,866.0
SSA,PIG,2006,0.948,895.0
SSA,PIG,2007,0.984,956.0
SSA,PIG,2008,0.996,995.0
SSA,PIG,2009,1.021,1049.0
SSA,PIG,2010,1.023,1081.0
SSA,PIG,2011,1.087,1181.0
SSA,PIG,2012,1.14,1274.0
SSA,PIG,2013,1.174,1350.0
SSA,PIG,2014,1.173,1386.0
SSA,PIG,2015,1.126,1368.0
SSA,PIG,2016,1.087,1357.0
SSA,PIG,2017,1.081,1385.976
SSA,PIG,2018,1.07,1409.707
SSA,PIG,2019,1.064,1439.236
SSA,PIG,2020,1.063,1476.946
SSA,PIG,2021,1.063,1516.401
SSA,PIG,2022,1.058,1549.143
SSA,PIG,2023,1.056,1585.118
SSA,PIG,2024,1.057,1627.571
SSA,PIG,2025,1.058,1671.225
SSA,PIG,2026,1.059,1715.612
SSA,POULTRY,1990,1.521,731.0
SSA,POULTRY,1991,1.481,732.0
SSA,POULTRY,1992,1.517,771.0
SSA,POULTRY,1993,1.321,775.0
SSA,POULTRY,1994,1.293,780.0
SSA,POULTRY,1995,1.309,812.0
SSA,POULTRY,1996,1.291,823.0
SSA,POULTRY,1997,1.355,887.0
SSA,POULTRY,1998,1.371,922.0
SSA,POULTRY,1999,1.381,954.0
SSA,POULTRY,2000,1.489,1057.0
SSA,POULTRY,2001,1.596,1164.0
SSA,POULTRY,2002,1.69,1267.0
SSA,POULTRY,2003,1.737,1338.0
SSA,POULTRY,2004,1.786,1414.0
SSA,POULTRY,2005,1.78,1449.0
SSA,POULTRY,2006,1.766,1478.0
SSA,POULTRY,2007,1.919,1652.0
SSA,POULTRY,2008,2.031,1798.0
SSA,POULTRY,2009,2.06,1876.0
SSA,POULTRY,2010,2.254,2111.0
SSA,POULTRY,2011,2.312,2227.0
SSA,POULTRY,2012,2.395,2373.0
SSA,POULTRY,2013,2.39,2435.0
SSA,POULTRY,2014,2.433,2548.0
SSA,POULTRY,2015,2.249,2422.0
SSA,POULTRY,2016,2.135,2363.0
SSA,POULTRY,2017,2.132,2423.649
SSA,POULTRY,2018,2.121,2477.492
SSA,POULTRY,2019,2.116,2537.684
SSA,POULTRY,2020,2.106,2593.872
SSA,POULTRY,2021,2.12,2680.616
SSA,POULTRY,2022,2.119,2749.497
SSA,POULTRY,2023,2.113,2812.828
SSA,POULTRY,2024,2.114,2886.619
SSA,POULTRY,2025,2.115,2961.183
SSA,POULTRY,2026,2.117,3038.911
SSA,SHEEP,1990,1.876,902.0
SSA,SHEEP,1991,1.875,927.0
SSA,SHEEP,1992,1.83,930.0
SSA,SHEEP,1993,1.662,975.0
SSA,SHEEP,1994,1.729,1043.0
SSA,SHEEP,1995,1.774,1100.0
SSA,SHEEP,1996,1.783,1136.0
SSA,SHEEP,1997,1.851,1212.0
SSA,SHEEP,1998,1.891,1272.0
SSA,SHEEP,1999,1.893,1308.0
SSA,SHEEP,2000,1.909,1355.0
SSA,SHEEP,2001,1.962,1431.0
SSA,SHEEP,2002,1.953,1464.0
SSA,SHEEP,2003,1.956,1507.0
SSA,SHEEP,2004,1.965,1556.0
SSA,SHEEP,2005,2.011,1637.0
SSA,SHEEP,2006,2.222,1860.0
SSA,SHEEP,2007,2.224,1915.0
SSA,SHEEP,2008,2.239,1983.0
SSA,SHEEP,2009,2.209,2012.0
SSA,SHEEP,2010,2.191,2052.0
SSA,SHEEP,2011,1.917,1847.0
SSA,SHEEP,2012,2.006,1988.0
SSA,SHEEP,2013,2.094,2133.0
SSA,SHEEP,2014,2.073,2171.0
SSA,SHEEP,2015,2.038,2194.0
SSA,SHEEP,2016,1.968,2178.0
SSA,SHEEP,2017,1.955,2223.067
SSA,SHEEP,2018,1.959,2287.514
SSA,SHEEP,2019,1.97,2363.273
SSA,SHEEP,2020,1.977,2434.612
SSA,SHEEP,2021,1.98,2502.546
SSA,SHEEP,2022,1.982,2571.223
SSA,SHEEP,2023,1.985,2642.195
SSA,SHEEP,2024,1.989,2715.181
SSA,SHEEP,2025,1.993,2790.321
SSA,SHEEP,2026,1.997,2867.357
THA,BEEF,1990,3.922,317.0
THA,BEEF,1991,3.902,319.0
THA,BEEF,1992,3.842,317.0
THA,BEEF,1993,4.063,338.0
THA,BEEF,1994,3.266,274.0
THA,BEEF,1995,4.24,359.0
THA,BEEF,1996,3.788,324.0
THA,BEEF,1997,3.284,284.0
THA,BEEF,1998,2.891,253.0
THA,BEEF,1999,2.575,228.0
THA,BEEF,2000,2.468,221.0
THA,BEEF,2001,2.55,231.0
THA,BEEF,2002,2.619,240.0
THA,BEEF,2003,2.667,247.0
THA,BEEF,2004,2.825,264.0
THA,BEEF,2005,3.284,309.0
THA,BEEF,2006,3.068,290.0
THA,BEEF,2007,1.941,184.0
THA,BEEF,2008,2.149,204.0
THA,BEEF,2009,2.156,205.0
THA,BEEF,2010,2.215,211.0
THA,BEEF,2011,1.977,189.0
THA,BEEF,2012,2.001,192.0
THA,BEEF,2013,1.858,179.0
THA,BEEF,2014,1.767,171.0
THA,BEEF,2015,1.72,167.0
THA,BEEF,2016,1.777,173.0
THA,BEEF,2017,1.78,173.718
THA,BEEF,2018,1.785,174.498
THA,BEEF,2019,1.784,174.619
THA,BEEF,2020,1.792,175.563
THA,BEEF,2021,1.803,176.759
THA,BEEF,2022,1.821,178.636
THA,BEEF,2023,1.835,180.047
THA,BEEF,2024,1.853,181.773
THA,BEEF,2025,1.865,182.843
THA,BEEF,2026,1.857,181.995
THA,PIG,1990,4.632,336.0
THA,PIG,1991,5.452,400.0
THA,PIG,1992,5.834,432.0
THA,PIG,1993,6.134,458.0
THA,PIG,1994,6.482,488.0
THA,PIG,1995,6.396,486.0
THA,PIG,1996,6.63,509.0
THA,PIG,1997,6.828,530.0
THA,PIG,1998,5.909,464.0
THA,PIG,1999,5.664,450.0
THA,PIG,2000,8.522,685.0
THA,PIG,2001,8.462,688.0
THA,PIG,2002,9.377,771.0
THA,PIG,2003,10.265,853.0
THA,PIG,2004,10.292,863.0
THA,PIG,2005,10.457,883.0
THA,PIG,2006,11.492,975.0
THA,PIG,2007,11.638,990.0
THA,PIG,2008,10.329,880.0
THA,PIG,2009,10.021,855.0
THA,PIG,2010,10.28,879.0
THA,PIG,2011,10.026,860.0
THA,PIG,2012,10.731,924.0
THA,PIG,2013,10.882,941.0
THA,PIG,2014,10.999,955.0
THA,PIG,2015,10.995,958.0
THA,PIG,2016,11.0,961.0
THA,PIG,2017,11.0,963.195
THA,PIG,2018,11.07,970.947
THA,PIG,2019,11.102,975.116
THA,PIG,2020,11.165,981.705
THA,PIG,2021,11.233,988.404
THA,PIG,2022,11.232,988.767
THA,PIG,2023,11.267,991.969
THA,PIG,2024,11.382,1001.965
THA,PIG,2025,11.552,1016.484
THA,PIG,2026,11.609,1020.888
THA,POULTRY,1990,8.149,524.0
THA,POULTRY,1991,10.764,700.0
THA,POULTRY,1992,12.95,850.0
THA,POULTRY,1993,13.267,878.0
THA,POULTRY,1994,12.198,814.0
THA,POULTRY,1995,12.057,812.0
THA,POULTRY,1996,12.595,857.0
THA,POULTRY,1997,12.224,841.0
THA,POULTRY,1998,12.93,900.0
THA,POULTRY,1999,11.331,798.0
THA,POULTRY,2000,11.117,792.0
THA,POULTRY,2001,11.754,847.0
THA,POULTRY,2002,11.32,825.0
THA,POULTRY,2003,9.314,686.0
THA,POULTRY,2004,8.059,599.0
THA,POULTRY,2005,9.393,703.0
THA,POULTRY,2006,9.003,677.0
THA,POULTRY,2007,10.079,760.0
THA,POULTRY,2008,8.343,630.0
THA,POULTRY,2009,8.41,636.0
THA,POULTRY,2010,8.366,634.0
THA,POULTRY,2011,8.168,621.0
THA,POULTRY,2012,7.35,561.0
THA,POULTRY,2013,10.189,781.0
THA,POULTRY,2014,10.343,796.0
THA,POULTRY,2015,10.307,796.0
THA,POULTRY,2016,9.917,768.0
THA,POULTRY,2017,10.02,777.69
THA,POULTRY,2018,10.023,779.212
THA,POULTRY,2019,10.036,781.333
THA,POULTRY,2020,10.046,782.9
THA,POULTRY,2021,10.055,784.215
THA,POULTRY,2022,10.083,786.717
THA,POULTRY,2023,10.108,788.79
THA,POULTRY,2024,10.137,790.977
THA,POULTRY,2025,10.167,792.989
THA,POULTRY,2026,10.196,794.757
THA,SHEEP,1990,0.016,1.0
THA,SHEEP,1991,0.015,1.0
THA,SHEEP,1992,0.03,2.0
THA,SHEEP,1993,0.015,1.0
THA,SHEEP,1994,0.015,1.0
THA,SHEEP,1995,0.015,1.0
THA,SHEEP,1996,0.015,1.0
THA,SHEEP,1997,0.015,1.0
THA,SHEEP,1998,0.014,1.0
THA,SHEEP,1999,0.014,1.0
THA,SHEEP,2000,0.014,1.0
THA,SHEEP,2001,0.014,1.0
THA,SHEEP,2002,0.014,1.0
THA,SHEEP,2003,0.014,1.0
THA,SHEEP,2004,0.027,2.0
THA,SHEEP,2005,0.04,3.0
THA,SHEEP,2006,0.027,2.0
THA,SHEEP,2007,0.04,3.0
THA,SHEEP,2008,0.04,3.0
THA,SHEEP,2009,0.04,3.0
THA,SHEEP,2010,0.04,3.0
THA,SHEEP,2011,0.039,3.0
THA,SHEEP,2012,0.039,3.0
THA,SHEEP,2013,0.039,3.0
THA,SHEEP,2014,0.039,3.0
THA,SHEEP,2015,0.039,3.0
THA,SHEEP,2016,0.052,4.0
THA,SHEEP,2017,0.052,4.018
THA,SHEEP,2018,0.052,4.07
THA,SHEEP,2019,0.053,4.094
THA,SHEEP,2020,0.053,4.111
THA,SHEEP,2021,0.053,4.138
THA,SHEEP,2022,0.053,4.164
THA,SHEEP,2023,0.054,4.188
THA,SHEEP,2024,0.054,4.207
THA,SHEEP,2025,0.054,4.225
THA,SHEEP,2026,0.054,4.248
TUR,BEEF,1990,4.952,382.0
TUR,BEEF,1991,4.755,373.0
TUR,BEEF,1992,4.239,338.0
TUR,BEEF,1993,4.123,334.0
TUR,BEEF,1994,3.779,311.0
TUR,BEEF,1995,3.708,310.0
TUR,BEEF,1996,3.803,323.0
TUR,BEEF,1997,4.462,385.0
TUR,BEEF,1998,4.154,364.0
TUR,BEEF,1999,3.989,355.0
TUR,BEEF,2000,3.974,359.0
TUR,BEEF,2001,3.621,332.0
TUR,BEEF,2002,3.536,329.0
TUR,BEEF,2003,3.19,301.0
TUR,BEEF,2004,3.93,376.0
TUR,BEEF,2005,3.373,327.0
TUR,BEEF,2006,3.525,346.0
TUR,BEEF,2007,4.35,432.0
TUR,BEEF,2008,3.732,375.0
TUR,BEEF,2009,3.163,322.0
TUR,BEEF,2010,6.06,626.0
TUR,BEEF,2011,5.98,628.0
TUR,BEEF,2012,7.332,784.0
TUR,BEEF,2013,7.788,848.0
TUR,BEEF,2014,8.118,899.0
TUR,BEEF,2015,8.462,951.0
TUR,BEEF,2016,8.308,945.0
TUR,BEEF,2017,8.344,958.538
TUR,BEEF,2018,8.373,969.883
TUR,BEEF,2019,8.406,980.861
TUR,BEEF,2020,8.465,994.652
TUR,BEEF,2021,8.541,1010.368
TUR,BEEF,2022,8.614,1025.409
TUR,BEEF,2023,8.662,1037.32
TUR,BEEF,2024,8.701,1048.288
TUR,BEEF,2025,8.751,1060.935
TUR,BEEF,2026,8.821,1076.262
TUR,PIG,1990,0.101,7.0
TUR,PIG,1991,0.028,2.0
TUR,PIG,1992,0.028,2.0
TUR,PIG,1993,0.028,2.0
TUR,PIG,1994,0.027,2.0
TUR,PIG,1995,0.08,6.0
TUR,PIG,1996,0.013,1.0
TUR,PIG,1997,0.013,1.0
TUR,PIG,1998,0.051,4.0
TUR,PIG,1999,0.05,4.0
TUR,PIG,2000,0.037,3.0
TUR,PIG,2001,0.012,1.0
TUR,PIG,2002,0.012,1.0
TUR,PIG,2003,0.047,4.0
TUR,PIG,2004,0.058,5.0
TUR,PIG,2005,0.023,2.0
TUR,PIG,2006,0.011,1.0
TUR,PIG,2007,0.0,0.0
TUR,PIG,2008,0.0,0.0
TUR,PIG,2009,0.0,0.0
TUR,PIG,2010,0.0,0.0
TUR,PIG,2011,0.0,0.0
TUR,PIG,2012,0.01,1.0
TUR,PIG,2013,0.01,1.0
TUR,PIG,2014,0.03,3.0
TUR,PIG,2015,0.079,8.0
TUR,PIG,2016,0.088,9.0
TUR,PIG,2017,0.087,9.0
TUR,PIG,2018,0.087,9.0
TUR,PIG,2019,0.086,9.0
TUR,PIG,2020,0.085,9.0
TUR,PIG,2021,0.085,9.0
TUR,PIG,2022,0.084,9.0
TUR,PIG,2023,0.084,9.0
TUR,PIG,2024,0.083,9.0
TUR,PIG,2025,0.083,9.0
TUR,PIG,2026,0.082,9.0
TUR,POULTRY,1990,6.747,414.0
TUR,POULTRY,1991,6.651,415.0
TUR,POULTRY,1992,6.953,441.0
TUR,POULTRY,1993,7.123,459.0
TUR,POULTRY,1994,7.286,477.0
TUR,POULTRY,1995,7.534,501.0
TUR,POULTRY,1996,6.306,426.0
TUR,POULTRY,1997,6.921,475.0
TUR,POULTRY,1998,7.144,498.0
TUR,POULTRY,1999,8.546,605.0
TUR,POULTRY,2000,9.156,658.0
TUR,POULTRY,2001,8.35,609.0
TUR,POULTRY,2002,9.337,691.0
TUR,POULTRY,2003,11.47,861.0
TUR,POULTRY,2004,11.366,865.0
TUR,POULTRY,2005,11.749,906.0
TUR,POULTRY,2006,11.425,892.0
TUR,POULTRY,2007,13.039,1030.0
TUR,POULTRY,2008,12.785,1022.0
TUR,POULTRY,2009,14.732,1193.0
TUR,POULTRY,2010,16.003,1315.0
TUR,POULTRY,2011,16.578,1385.0
TUR,POULTRY,2012,16.765,1426.0
TUR,POULTRY,2013,16.14,1398.0
TUR,POULTRY,2014,16.936,1492.0
TUR,POULTRY,2015,17.541,1568.0
TUR,POULTRY,2016,17.772,1608.0
TUR,POULTRY,2017,17.864,1632.515
TUR,POULTRY,2018,17.797,1639.921
TUR,POULTRY,2019,17.852,1657.103
TUR,POULTRY,2020,17.895,1672.677
TUR,POULTRY,2021,17.926,1686.83
TUR,POULTRY,2022,17.998,1704.212
TUR,POULTRY,2023,18.11,1725.226
TUR,POULTRY,2024,18.213,1745.521
TUR,POULTRY,2025,18.346,1769.141
TUR,POULTRY,2026,18.457,1791.251
TUR,SHEEP,1990,5.916,363.0
TUR,SHEEP,1991,5.818,363.0
TUR,SHEEP,1992,5.676,360.0
TUR,SHEEP,1993,5.571,359.0
TUR,SHEEP,1994,4.965,325.0
TUR,SHEEP,1995,6.135,408.0
TUR,SHEEP,1996,5.403,365.0
TUR,SHEEP,1997,5.479,376.0
TUR,SHEEP,1998,5.336,372.0
TUR,SHEEP,1999,5.184,367.0
TUR,SHEEP,2000,5.19,373.0
TUR,SHEEP,2001,4.799,350.0
TUR,SHEEP,2002,4.486,332.0
TUR,SHEEP,2003,4.156,312.0
TUR,SHEEP,2004,4.178,318.0
TUR,SHEEP,2005,4.085,315.0
TUR,SHEEP,2006,4.035,315.0
TUR,SHEEP,2007,4.089,323.0
TUR,SHEEP,2008,4.016,321.0
TUR,SHEEP,2009,3.705,300.0
TUR,SHEEP,2010,3.347,275.0
TUR,SHEEP,2011,3.543,296.0
TUR,SHEEP,2012,3.786,322.0
TUR,SHEEP,2013,4.064,352.0
TUR,SHEEP,2014,4.098,361.0
TUR,SHEEP,2015,4.105,367.0
TUR,SHEEP,2016,4.078,369.0
TUR,SHEEP,2017,4.092,373.915
TUR,SHEEP,2018,4.099,377.674
TUR,SHEEP,2019,4.112,381.7
TUR,SHEEP,2020,4.129,385.958
TUR,SHEEP,2021,4.145,390.046
TUR,SHEEP,2022,4.165,394.371
TUR,SHEEP,2023,4.192,399.389
TUR,SHEEP,2024,4.22,404.411
TUR,SHEEP,2025,4.252,409.998
TUR,SHEEP,2026,4.283,415.663
TZA,BEEF,1990,5.252,191.0
TZA,BEEF,1991,5.322,200.0
TZA,BEEF,1992,5.275,205.0
TZA,BEEF,1993,5.227,210.0
TZA,BEEF,1994,5.136,213.0
TZA,BEEF,1995,5.759,246.0
TZA,BEEF,1996,4.419,194.0
TZA,BEEF,1997,4.284,193.0
TZA,BEEF,1998,4.288,198.0
TZA,BEEF,1999,4.542,215.0
TZA,BEEF,2000,4.633,225.0
TZA,BEEF,2001,4.613,230.0
TZA,BEEF,2002,4.803,246.0
TZA,BEEF,2003,5.127,270.0
TZA,BEEF,2004,4.908,266.0
TZA,BEEF,2005,4.856,271.0
TZA,BEEF,2006,4.903,282.0
TZA,BEEF,2007,4.754,282.0
TZA,BEEF,2008,4.673,286.0
TZA,BEEF,2009,4.606,291.0
TZA,BEEF,2010,3.788,247.0
TZA,BEEF,2011,3.922,264.0
TZA,BEEF,2012,4.187,291.0
TZA,BEEF,2013,4.196,301.0
TZA,BEEF,2014,4.133,306.0
TZA,BEEF,2015,4.098,313.0
TZA,BEEF,2016,3.998,315.0
TZA,BEEF,2017,4.05,329.089
TZA,BEEF,2018,4.102,343.574
TZA,BEEF,2019,4.115,355.244
TZA,BEEF,2020,4.146,368.814
TZA,BEEF,2021,4.166,381.691
TZA,BEEF,2022,4.168,393.232
TZA,BEEF,2023,4.139,402.047
TZA,BEEF,2024,4.145,414.497
TZA,BEEF,2025,4.17,429.072
TZA,BEEF,2026,4.191,443.779
TZA,PIG,1990,0.276,9.0
TZA,PIG,1991,0.267,9.0
TZA,PIG,1992,0.258,9.0
TZA,PIG,1993,0.25,9.0
TZA,PIG,1994,0.242,9.0
TZA,PIG,1995,0.261,10.0
TZA,PIG,1996,0.254,10.0
TZA,PIG,1997,0.272,11.0
TZA,PIG,1998,0.265,11.0
TZA,PIG,1999,0.282,12.0
TZA,PIG,2000,0.298,13.0
TZA,PIG,2001,0.291,13.0
TZA,PIG,2002,0.283,13.0
TZA,PIG,2003,0.275,13.0
TZA,PIG,2004,0.308,15.0
TZA,PIG,2005,0.299,15.0
TZA,PIG,2006,0.271,14.0
TZA,PIG,2007,0.263,14.0
TZA,PIG,2008,0.273,15.0
TZA,PIG,2009,0.282,16.0
TZA,PIG,2010,0.273,16.0
TZA,PIG,2011,0.265,16.0
TZA,PIG,2012,0.257,16.0
TZA,PIG,2013,0.233,15.0
TZA,PIG,2014,0.241,16.0
TZA,PIG,2015,0.248,17.0
TZA,PIG,2016,0.24,17.0
TZA,PIG,2017,0.236,17.226
TZA,PIG,2018,0.231,17.382
TZA,PIG,2019,0.228,17.631
TZA,PIG,2020,0.223,17.838
TZA,PIG,2021,0.219,18.038
TZA,PIG,2022,0.216,18.258
TZA,PIG,2023,0.213,18.537
TZA,PIG,2024,0.209,18.761
TZA,PIG,2025,0.205,18.94
TZA,PIG,2026,0.202,19.186
TZA,POULTRY,1990,0.864,25.0
TZA,POULTRY,1991,0.97,29.0
TZA,POULTRY,1992,0.97,30.0
TZA,POULTRY,1993,1.095,35.0
TZA,POULTRY,1994,0.94,31.0
TZA,POULTRY,1995,1.03,35.0
TZA,POULTRY,1996,0.945,33.0
TZA,POULTRY,1997,1.005,36.0
TZA,POULTRY,1998,1.062,39.0
TZA,POULTRY,1999,1.089,41.0
TZA,POULTRY,2000,1.113,43.0
TZA,POULTRY,2001,1.109,44.0
TZA,POULTRY,2002,1.104,45.0
TZA,POULTRY,2003,1.194,50.0
TZA,POULTRY,2004,1.276,55.0
TZA,POULTRY,2005,1.239,55.0
TZA,POULTRY,2006,1.552,71.0
TZA,POULTRY,2007,1.674,79.0
TZA,POULTRY,2008,1.623,79.0
TZA,POULTRY,2009,1.572,79.0
TZA,POULTRY,2010,1.581,82.0
TZA,POULTRY,2011,1.793,96.0
TZA,POULTRY,2012,1.556,86.0
TZA,POULTRY,2013,1.56,89.0
TZA,POULTRY,2014,1.528,90.0
TZA,POULTRY,2015,1.498,91.0
TZA,POULTRY,2016,1.468,92.0
TZA,POULTRY,2017,1.469,94.925
TZA,POULTRY,2018,1.475,98.316
TZA,POULTRY,2019,1.481,101.687
TZA,POULTRY,2020,1.484,105.012
TZA,POULTRY,2021,1.491,108.7
TZA,POULTRY,2022,1.503,112.843
TZA,POULTRY,2023,1.527,117.992
TZA,POULTRY,2024,1.543,122.707
TZA,POULTRY,2025,1.565,128.105
TZA,POULTRY,2026,1.589,133.86
TZA,SHEEP,1990,1.072,31.0
TZA,SHEEP,1991,1.07,32.0
TZA,SHEEP,1992,1.067,33.0
TZA,SHEEP,1993,1.064,34.0
TZA,SHEEP,1994,1.061,35.0
TZA,SHEEP,1995,1.089,37.0
TZA,SHEEP,1996,1.059,37.0
TZA,SHEEP,1997,1.06,38.0
TZA,SHEEP,1998,1.035,38.0
TZA,SHEEP,1999,1.036,39.0
TZA,SHEEP,2000,1.036,40.0
TZA,SHEEP,2001,1.034,41.0
TZA,SHEEP,2002,1.006,41.0
TZA,SHEEP,2003,1.026,43.0
TZA,SHEEP,2004,0.974,42.0
TZA,SHEEP,2005,0.946,42.0
TZA,SHEEP,2006,0.962,44.0
TZA,SHEEP,2007,0.933,44.0
TZA,SHEEP,2008,0.904,44.0
TZA,SHEEP,2009,0.876,44.0
TZA,SHEEP,2010,0.867,45.0
TZA,SHEEP,2011,1.046,56.0
TZA,SHEEP,2012,1.085,60.0
TZA,SHEEP,2013,1.104,63.0
TZA,SHEEP,2014,1.087,64.0
TZA,SHEEP,2015,1.07,65.0
TZA,SHEEP,2016,1.053,66.0
TZA,SHEEP,2017,1.066,68.919
TZA,SHEEP,2018,1.095,72.965
TZA,SHEEP,2019,1.116,76.624
TZA,SHEEP,2020,1.133,80.141
TZA,SHEEP,2021,1.152,83.951
TZA,SHEEP,2022,1.174,88.111
TZA,SHEEP,2023,1.198,92.592
TZA,SHEEP,2024,1.221,97.138
TZA,SHEEP,2025,1.246,102.003
TZA,SHEEP,2026,1.273,107.216
UKR,BEEF,1990,,1985.0
UKR,BEEF,1991,,1878.0
UKR,BEEF,1992,20.762,1522.0
UKR,BEEF,1993,17.576,1286.0
UKR,BEEF,1994,15.891,1159.0
UKR,BEEF,1995,13.515,981.0
UKR,BEEF,1996,11.05,797.0
UKR,BEEF,1997,10.941,783.0
UKR,BEEF,1998,9.6,681.0
UKR,BEEF,1999,9.22,648.0
UKR,BEEF,2000,9.032,629.0
UKR,BEEF,2001,7.708,532.0
UKR,BEEF,2002,8.536,584.0
UKR,BEEF,2003,8.504,577.0
UKR,BEEF,2004,8.006,539.0
UKR,BEEF,2005,8.272,553.0
UKR,BEEF,2006,8.881,590.0
UKR,BEEF,2007,8.022,530.0
UKR,BEEF,2008,7.619,501.0
UKR,BEEF,2009,6.843,448.0
UKR,BEEF,2010,6.441,420.0
UKR,BEEF,2011,6.126,398.0
UKR,BEEF,2012,5.962,386.0
UKR,BEEF,2013,6.494,419.0
UKR,BEEF,2014,6.424,413.0
UKR,BEEF,2015,5.544,355.0
UKR,BEEF,2016,5.443,347.0
UKR,BEEF,2017,5.804,368.209
UKR,BEEF,2018,5.684,358.666
UKR,BEEF,2019,5.753,361.034
UKR,BEEF,2020,5.847,364.827
UKR,BEEF,2021,5.958,369.669
UKR,BEEF,2022,6.091,375.717
UKR,BEEF,2023,6.23,381.963
UKR,BEEF,2024,6.379,388.683
UKR,BEEF,2025,6.503,393.657
UKR,BEEF,2026,6.598,396.718
UKR,PIG,1990,,1576.0
UKR,PIG,1991,,1421.0
UKR,PIG,1992,17.754,1168.0
UKR,PIG,1993,15.351,1008.0
UKR,PIG,1994,13.139,860.0
UKR,PIG,1995,12.357,805.0
UKR,PIG,1996,12.158,787.0
UKR,PIG,1997,10.915,701.0
UKR,PIG,1998,10.635,677.0
UKR,PIG,1999,10.115,638.0
UKR,PIG,2000,11.025,689.0
UKR,PIG,2001,9.558,592.0
UKR,PIG,2002,9.805,602.0
UKR,PIG,2003,10.872,662.0
UKR,PIG,2004,9.914,599.0
UKR,PIG,2005,9.068,544.0
UKR,PIG,2006,9.812,585.0
UKR,PIG,2007,11.974,710.0
UKR,PIG,2008,13.557,800.0
UKR,PIG,2009,11.692,687.0
UKR,PIG,2010,13.089,766.0
UKR,PIG,2011,13.755,802.0
UKR,PIG,2012,16.092,935.0
UKR,PIG,2013,16.147,935.0
UKR,PIG,2014,13.762,794.0
UKR,PIG,2015,12.303,707.0
UKR,PIG,2016,12.41,710.0
UKR,PIG,2017,12.313,701.0
UKR,PIG,2018,12.538,709.979
UKR,PIG,2019,12.803,721.022
UKR,PIG,2020,13.065,731.617
UKR,PIG,2021,13.313,741.282
UKR,PIG,2022,13.563,750.756
UKR,PIG,2023,13.841,761.548
UKR,PIG,2024,14.122,772.151
UKR,PIG,2025,14.403,782.467
UKR,PIG,2026,14.723,794.472
UKR,POULTRY,1990,,708.0
UKR,POULTRY,1991,,654.0
UKR,POULTRY,1992,8.557,499.0
UKR,POULTRY,1993,6.254,364.0
UKR,POULTRY,1994,4.568,265.0
UKR,POULTRY,1995,4.07,235.0
UKR,POULTRY,1996,5.386,309.0
UKR,POULTRY,1997,4.251,242.0
UKR,POULTRY,1998,4.466,252.0
UKR,POULTRY,1999,5.223,292.0
UKR,POULTRY,2000,3.935,218.0
UKR,POULTRY,2001,5.592,307.0
UKR,POULTRY,2002,6.78,369.0
UKR,POULTRY,2003,7.764,419.0
UKR,POULTRY,2004,12.324,660.0
UKR,POULTRY,2005,12.073,642.0
UKR,POULTRY,2006,14.117,746.0
UKR,POULTRY,2007,15.831,832.0
UKR,POULTRY,2008,20.113,1052.0
UKR,POULTRY,2009,20.603,1073.0
UKR,POULTRY,2010,20.801,1079.0
UKR,POULTRY,2011,19.563,1011.0
UKR,POULTRY,2012,21.631,1114.0
UKR,POULTRY,2013,21.432,1100.0
UKR,POULTRY,2014,22.136,1132.0
UKR,POULTRY,2015,22.44,1143.0
UKR,POULTRY,2016,22.225,1127.0
UKR,POULTRY,2017,23.183,1169.83
UKR,POULTRY,2018,23.67,1188.058
UKR,POULTRY,2019,24.344,1215.166
UKR,POULTRY,2020,24.665,1224.249
UKR,POULTRY,2021,24.963,1231.993
UKR,POULTRY,2022,25.307,1241.664
UKR,POULTRY,2023,25.649,1250.83
UKR,POULTRY,2024,26.013,1260.737
UKR,POULTRY,2025,26.389,1270.681
UKR,POULTRY,2026,26.745,1279.185
UKR,SHEEP,1990,,46.0
UKR,SHEEP,1991,,40.0
UKR,SHEEP,1992,0.6,35.0
UKR,SHEEP,1993,0.515,30.0
UKR,SHEEP,1994,0.741,43.0
UKR,SHEEP,1995,0.675,39.0
UKR,SHEEP,1996,0.54,31.0
UKR,SHEEP,1997,0.404,23.0
UKR,SHEEP,1998,0.372,21.0
UKR,SHEEP,1999,0.34,19.0
UKR,SHEEP,2000,0.307,17.0
UKR,SHEEP,2001,0.273,15.0
UKR,SHEEP,2002,0.312,17.0
UKR,SHEEP,2003,0.315,17.0
UKR,SHEEP,2004,0.317,17.0
UKR,SHEEP,2005,0.301,16.0
UKR,SHEEP,2006,0.284,15.0
UKR,SHEEP,2007,0.285,15.0
UKR,SHEEP,2008,0.325,17.0
UKR,SHEEP,2009,0.346,18.0
UKR,SHEEP,2010,0.405,21.0
UKR,SHEEP,2011,0.387,20.0
UKR,SHEEP,2012,0.388,20.0
UKR,SHEEP,2013,0.37,19.0
UKR,SHEEP,2014,0.372,19.0
UKR,SHEEP,2015,0.373,19.0
UKR,SHEEP,2016,0.375,19.0
UKR,SHEEP,2017,0.383,19.32
UKR,SHEEP,2018,0.391,19.642
UKR,SHEEP,2019,0.401,20.009
UKR,SHEEP,2020,0.411,20.409
UKR,SHEEP,2021,0.421,20.763
UKR,SHEEP,2022,0.431,21.144
UKR,SHEEP,2023,0.442,21.538
UKR,SHEEP,2024,0.453,21.936
UKR,SHEEP,2025,0.464,22.351
UKR,SHEEP,2026,0.476,22.778
URY,BEEF,1990,32.187,143.0
URY,BEEF,1991,54.98,246.0
URY,BEEF,1992,55.914,252.0
URY,BEEF,1993,44.711,203.0
URY,BEEF,1994,63.843,292.0
URY,BEEF,1995,48.189,222.0
URY,BEEF,1996,50.646,235.0
URY,BEEF,1997,49.648,232.0
URY,BEEF,1998,49.33,232.0
URY,BEEF,1999,50.977,241.0
URY,BEEF,2000,54.588,259.0
URY,BEEF,2001,37.029,176.0
URY,BEEF,2002,44.174,210.0
URY,BEEF,2003,35.362,168.0
URY,BEEF,2004,36.641,174.0
URY,BEEF,2005,45.676,217.0
URY,BEEF,2006,38.456,183.0
URY,BEEF,2007,37.308,178.0
URY,BEEF,2008,41.572,199.0
URY,BEEF,2009,30.392,146.0
URY,BEEF,2010,43.563,210.0
URY,BEEF,2011,39.697,192.0
URY,BEEF,2012,36.27,176.0
URY,BEEF,2013,36.972,180.0
URY,BEEF,2014,45.65,223.0
URY,BEEF,2015,44.266,217.0
URY,BEEF,2016,43.089,212.0
URY,BEEF,2017,43.191,213.295
URY,BEEF,2018,43.138,213.825
URY,BEEF,2019,43.263,215.234
URY,BEEF,2020,43.459,216.973
URY,BEEF,2021,43.729,219.059
URY,BEEF,2022,44.126,221.77
URY,BEEF,2023,44.429,223.987
URY,BEEF,2024,44.758,226.323
URY,BEEF,2025,45.027,228.345
URY,BEEF,2026,45.179,229.756
URY,PIG,1990,5.518,22.0
URY,PIG,1991,5.479,22.0
URY,PIG,1992,5.686,23.0
URY,PIG,1993,6.136,25.0
URY,PIG,1994,6.334,26.0
URY,PIG,1995,6.047,25.0
URY,PIG,1996,6.004,25.0
URY,PIG,1997,6.438,27.0
URY,PIG,1998,7.345,31.0
URY,PIG,1999,8.249,35.0
URY,PIG,2000,7.75,33.0
URY,PIG,2001,7.736,33.0
URY,PIG,2002,6.329,27.0
URY,PIG,2003,6.333,27.0
URY,PIG,2004,6.57,28.0
URY,PIG,2005,6.567,28.0
URY,PIG,2006,6.557,28.0
URY,PIG,2007,7.941,34.0
URY,PIG,2008,7.914,34.0
URY,PIG,2009,7.422,32.0
URY,PIG,2010,8.321,36.0
URY,PIG,2011,10.137,44.0
URY,PIG,2012,11.482,50.0
URY,PIG,2013,13.046,57.0
URY,PIG,2014,13.002,57.0
URY,PIG,2015,13.865,61.0
URY,PIG,2016,14.947,66.0
URY,PIG,2017,14.921,66.129
URY,PIG,2018,14.854,66.076
URY,PIG,2019,14.878,66.425
URY,PIG,2020,14.996,67.192
URY,PIG,2021,15.106,67.912
URY,PIG,2022,15.113,68.165
URY,PIG,2023,15.19,68.726
URY,PIG,2024,15.321,69.527
URY,PIG,2025,15.466,70.387
URY,PIG,2026,15.579,71.102
URY,POULTRY,1990,6.791,24.0
URY,POULTRY,1991,7.586,27.0
URY,POULTRY,1992,7.81,28.0
URY,POULTRY,1993,9.691,35.0
URY,POULTRY,1994,9.62,35.0
URY,POULTRY,1995,10.37,38.0
URY,POULTRY,1996,10.837,40.0
URY,POULTRY,1997,11.03,41.0
URY,POULTRY,1998,13.9,52.0
URY,POULTRY,1999,15.423,58.0
URY,POULTRY,2000,15.368,58.0
URY,POULTRY,2001,14.547,55.0
URY,POULTRY,2002,12.164,46.0
URY,POULTRY,2003,8.203,31.0
URY,POULTRY,2004,11.384,43.0
URY,POULTRY,2005,14.024,53.0
URY,POULTRY,2006,15.851,60.0
URY,POULTRY,2007,13.175,50.0
URY,POULTRY,2008,18.646,71.0
URY,POULTRY,2009,17.795,68.0
URY,POULTRY,2010,16.43,63.0
URY,POULTRY,2011,19.494,75.0
URY,POULTRY,2012,18.394,71.0
URY,POULTRY,2013,9.296,36.0
URY,POULTRY,2014,11.581,45.0
URY,POULTRY,2015,15.9,62.0
URY,POULTRY,2016,16.353,64.0
URY,POULTRY,2017,16.333,64.162
URY,POULTRY,2018,16.365,64.526
URY,POULTRY,2019,16.451,65.105
URY,POULTRY,2020,16.512,65.575
URY,POULTRY,2021,16.571,66.031
URY,POULTRY,2022,16.651,66.568
URY,POULTRY,2023,16.742,67.139
URY,POULTRY,2024,16.833,67.706
URY,POULTRY,2025,16.928,68.286
URY,POULTRY,2026,17.026,68.876
URY,SHEEP,1990,10.469,37.0
URY,SHEEP,1991,14.048,50.0
URY,SHEEP,1992,15.063,54.0
URY,SHEEP,1993,14.675,53.0
URY,SHEEP,1994,14.293,52.0
URY,SHEEP,1995,12.007,44.0
URY,SHEEP,1996,13.547,50.0
URY,SHEEP,1997,11.837,44.0
URY,SHEEP,1998,10.425,39.0
URY,SHEEP,1999,10.371,39.0
URY,SHEEP,2000,9.009,34.0
URY,SHEEP,2001,11.109,42.0
URY,SHEEP,2002,6.611,25.0
URY,SHEEP,2003,5.557,21.0
URY,SHEEP,2004,5.03,19.0
URY,SHEEP,2005,5.821,22.0
URY,SHEEP,2006,3.434,13.0
URY,SHEEP,2007,2.898,11.0
URY,SHEEP,2008,2.889,11.0
URY,SHEEP,2009,2.094,8.0
URY,SHEEP,2010,4.433,17.0
URY,SHEEP,2011,4.939,19.0
URY,SHEEP,2012,4.663,18.0
URY,SHEEP,2013,3.357,13.0
URY,SHEEP,2014,4.375,17.0
URY,SHEEP,2015,6.411,25.0
URY,SHEEP,2016,6.643,26.0
URY,SHEEP,2017,6.591,25.89
URY,SHEEP,2018,6.634,26.156
URY,SHEEP,2019,6.671,26.4
URY,SHEEP,2020,6.706,26.631
URY,SHEEP,2021,6.744,26.873
URY,SHEEP,2022,6.784,27.12
URY,SHEEP,2023,6.827,27.379
URY,SHEEP,2024,6.869,27.627
URY,SHEEP,2025,6.914,27.89
URY,SHEEP,2026,6.963,28.166
USA,BEEF,1990,30.584,11047.425
USA,BEEF,1991,30.361,11076.048
USA,BEEF,1992,30.251,11145.846
USA,BEEF,1993,29.605,11018.633
USA,BEEF,1994,30.647,11527.61
USA,BEEF,1995,30.827,11726.284
USA,BEEF,1996,30.918,11902.732
USA,BEEF,1997,30.25,11792.612
USA,BEEF,1998,30.68,12112.118
USA,BEEF,1999,31.032,12400.691
USA,BEEF,2000,31.131,12581.362
USA,BEEF,2001,30.469,12439.747
USA,BEEF,2002,31.138,12831.913
USA,BEEF,2003,29.893,12427.319
USA,BEEF,2004,30.46,12772.996
USA,BEEF,2005,30.196,12774.824
USA,BEEF,2006,30.337,12952.048
USA,BEEF,2007,30.06,12953.851
USA,BEEF,2008,28.871,12557.899
USA,BEEF,2009,28.2,12376.989
USA,BEEF,2010,27.562,12201.098
USA,BEEF,2011,26.452,11804.892
USA,BEEF,2012,26.271,11814.631
USA,BEEF,2013,25.767,11673.927
USA,BEEF,2014,24.818,11325.661
USA,BEEF,2015,24.811,11405.231
USA,BEEF,2016,25.622,11863.881
USA,BEEF,2017,25.823,12043.76
USA,BEEF,2018,26.28,12345.525
USA,BEEF,2019,26.216,12403.827
USA,BEEF,2020,26.133,12452.411
USA,BEEF,2021,25.982,12467.388
USA,BEEF,2022,25.865,12497.012
USA,BEEF,2023,25.882,12591.046
USA,BEEF,2024,25.83,12650.406
USA,BEEF,2025,25.843,12739.951
USA,BEEF,2026,25.851,12825.887
USA,PIG,1990,22.431,7271.306
USA,PIG,1991,22.721,7438.692
USA,PIG,1992,23.974,7927.068
USA,PIG,1993,23.656,7901.169
USA,PIG,1994,23.957,8087.108
USA,PIG,1995,23.608,8059.439
USA,PIG,1996,22.05,7618.093
USA,PIG,1997,21.809,7629.886
USA,PIG,1998,23.44,8304.833
USA,PIG,1999,23.973,8597.4
USA,PIG,2000,23.316,8456.333
USA,PIG,2001,22.892,8387.84
USA,PIG,2002,23.483,8684.943
USA,PIG,2003,23.629,8815.578
USA,PIG,2004,23.428,8816.304
USA,PIG,2005,22.836,8669.975
USA,PIG,2006,22.552,8640.945
USA,PIG,2007,23.184,8966.171
USA,PIG,2008,22.58,8814.217
USA,PIG,2009,22.845,8998.38
USA,PIG,2010,21.79,8656.821
USA,PIG,2011,20.806,8332.955
USA,PIG,2012,20.835,8408.705
USA,PIG,2013,21.359,8684.036
USA,PIG,2014,21.121,8650.017
USA,PIG,2015,22.644,9341.292
USA,PIG,2016,22.758,9456.959
USA,PIG,2017,23.57,9865.303
USA,PIG,2018,23.233,9794.504
USA,PIG,2019,23.372,9923.891
USA,PIG,2020,23.478,10039.753
USA,PIG,2021,23.66,10188.544
USA,PIG,2022,23.575,10222.42
USA,PIG,2023,23.618,10311.225
USA,PIG,2024,23.635,10388.198
USA,PIG,2025,23.68,10476.395
USA,PIG,2026,23.616,10515.15
USA,POULTRY,1990,34.971,10047.99
USA,POULTRY,1991,36.406,10564.632
USA,POULTRY,1992,37.802,11079.007
USA,POULTRY,1993,38.452,11383.821
USA,POULTRY,1994,39.043,11681.832
USA,POULTRY,1995,38.891,11768.014
USA,POULTRY,1996,39.639,12138.6
USA,POULTRY,1997,39.878,12365.85
USA,POULTRY,1998,40.183,12618.955
USA,POULTRY,1999,42.619,13547.459
USA,POULTRY,2000,43.046,13838.212
USA,POULTRY,2001,43.049,13981.094
USA,POULTRY,2002,45.075,14775.789
USA,POULTRY,2003,45.445,15028.269
USA,POULTRY,2004,46.424,15485.106
USA,POULTRY,2005,47.104,15851.711
USA,POULTRY,2006,47.353,16081.683
USA,POULTRY,2007,46.607,15976.449
USA,POULTRY,2008,46.46,16074.879
USA,POULTRY,2009,44.389,15497.455
USA,POULTRY,2010,45.409,15990.057
USA,POULTRY,2011,46.4,16471.319
USA,POULTRY,2012,44.415,15888.452
USA,POULTRY,2013,44.228,15938.801
USA,POULTRY,2014,44.941,16313.923
USA,POULTRY,2015,47.65,17423.411
USA,POULTRY,2016,48.301,17789.914
USA,POULTRY,2017,48.828,18115.037
USA,POULTRY,2018,47.756,17845.443
USA,POULTRY,2019,47.855,18010.594
USA,POULTRY,2020,48.096,18229.897
USA,POULTRY,2021,48.254,18418.155
USA,POULTRY,2022,48.365,18588.778
USA,POULTRY,2023,48.444,18746.716
USA,POULTRY,2024,48.478,18885.738
USA,POULTRY,2025,48.466,19005.702
USA,POULTRY,2026,48.26,19046.523
USA,SHEEP,1990,0.627,180.076
USA,SHEEP,1991,0.621,180.076
USA,SHEEP,1992,0.601,175.994
USA,SHEEP,1993,0.584,172.819
USA,SHEEP,1994,0.523,156.49
USA,SHEEP,1995,0.522,157.85
USA,SHEEP,1996,0.495,151.5
USA,SHEEP,1997,0.487,151.046
USA,SHEEP,1998,0.52,163.293
USA,SHEEP,1999,0.511,162.386
USA,SHEEP,2000,0.499,160.572
USA,SHEEP,2001,0.514,166.922
USA,SHEEP,2002,0.527,172.819
USA,SHEEP,2003,0.503,166.469
USA,SHEEP,2004,0.485,161.933
USA,SHEEP,2005,0.473,159.211
USA,SHEEP,2006,0.469,159.211
USA,SHEEP,2007,0.503,172.365
USA,SHEEP,2008,0.442,152.861
USA,SHEEP,2009,0.431,150.593
USA,SHEEP,2010,0.404,142.428
USA,SHEEP,2011,0.375,133.004
USA,SHEEP,2012,0.38,135.775
USA,SHEEP,2013,0.384,138.232
USA,SHEEP,2014,0.408,148.211
USA,SHEEP,2015,0.417,152.608
USA,SHEEP,2016,0.416,153.061
USA,SHEEP,2017,0.379,140.47
USA,SHEEP,2018,0.375,140.168
USA,SHEEP,2019,0.376,141.402
USA,SHEEP,2020,0.374,141.93
USA,SHEEP,2021,0.374,142.576
USA,SHEEP,2022,0.372,143.025
USA,SHEEP,2023,0.371,143.448
USA,SHEEP,2024,0.37,143.974
USA,SHEEP,2025,0.369,144.591
USA,SHEEP,2026,0.369,145.504
VNM,BEEF,1990,1.683,164.0
VNM,BEEF,1991,1.658,165.0
VNM,BEEF,1992,1.703,173.0
VNM,BEEF,1993,1.65,171.0
VNM,BEEF,1994,1.667,176.0
VNM,BEEF,1995,1.676,180.0
VNM,BEEF,1996,1.604,175.0
VNM,BEEF,1997,1.482,164.0
VNM,BEEF,1998,1.454,163.0
VNM,BEEF,1999,1.578,179.0
VNM,BEEF,2000,1.613,185.0
VNM,BEEF,2001,1.683,195.0
VNM,BEEF,2002,1.718,201.0
VNM,BEEF,2003,1.736,205.0
VNM,BEEF,2004,1.888,225.0
VNM,BEEF,2005,2.195,264.0
VNM,BEEF,2006,2.381,289.0
VNM,BEEF,2007,3.322,407.0
VNM,BEEF,2008,4.204,520.0
VNM,BEEF,2009,4.971,621.0
VNM,BEEF,2010,4.65,587.0
VNM,BEEF,2011,6.411,818.0
VNM,BEEF,2012,6.633,856.0
VNM,BEEF,2013,8.526,1113.0
VNM,BEEF,2014,9.944,1313.0
VNM,BEEF,2015,9.498,1268.0
VNM,BEEF,2016,9.917,1338.0
VNM,BEEF,2017,10.087,1374.973
VNM,BEEF,2018,10.131,1394.514
VNM,BEEF,2019,10.114,1405.403
VNM,BEEF,2020,10.139,1421.716
VNM,BEEF,2021,10.208,1443.857
VNM,BEEF,2022,10.287,1467.065
VNM,BEEF,2023,10.338,1486.081
VNM,BEEF,2024,10.377,1502.764
VNM,BEEF,2025,10.447,1523.714
VNM,BEEF,2026,10.565,1551.271
VNM,PIG,1990,8.153,713.0
VNM,PIG,1991,7.736,691.0
VNM,PIG,1992,8.86,808.0
VNM,PIG,1993,9.223,858.0
VNM,PIG,1994,9.971,945.0
VNM,PIG,1995,10.383,1001.0
VNM,PIG,1996,10.693,1047.0
VNM,PIG,1997,10.966,1089.0
VNM,PIG,1998,11.542,1161.0
VNM,PIG,1999,12.27,1249.0
VNM,PIG,2000,12.97,1335.0
VNM,PIG,2001,14.086,1465.0
VNM,PIG,2002,15.616,1640.0
VNM,PIG,2003,16.848,1786.0
VNM,PIG,2004,18.49,1978.0
VNM,PIG,2005,21.074,2275.0
VNM,PIG,2006,23.24,2532.0
VNM,PIG,2007,24.317,2674.0
VNM,PIG,2008,25.213,2799.0
VNM,PIG,2009,27.276,3058.0
VNM,PIG,2010,26.863,3043.0
VNM,PIG,2011,27.228,3118.0
VNM,PIG,2012,27.527,3188.0
VNM,PIG,2013,28.544,3344.0
VNM,PIG,2014,29.386,3482.0
VNM,PIG,2015,28.722,3441.0
VNM,PIG,2016,28.881,3497.0
VNM,PIG,2017,29.009,3548.539
VNM,PIG,2018,29.203,3607.513
VNM,PIG,2019,29.531,3682.743
VNM,PIG,2020,29.721,3740.183
VNM,PIG,2021,29.856,3789.819
VNM,PIG,2022,30.063,3847.82
VNM,PIG,2023,30.428,3925.192
VNM,PIG,2024,30.72,3992.51
VNM,PIG,2025,30.877,4041.429
VNM,PIG,2026,31.104,4098.49
VNM,POULTRY,1990,2.193,170.0
VNM,POULTRY,1991,2.084,165.0
VNM,POULTRY,1992,2.165,175.0
VNM,POULTRY,1993,2.038,168.0
VNM,POULTRY,1994,2.024,170.0
VNM,POULTRY,1995,2.048,175.0
VNM,POULTRY,1996,2.27,197.0
VNM,POULTRY,1997,3.249,286.0
VNM,POULTRY,1998,3.365,300.0
VNM,POULTRY,1999,3.613,326.0
VNM,POULTRY,2000,4.001,365.0
VNM,POULTRY,2001,4.176,385.0
VNM,POULTRY,2002,4.619,430.0
VNM,POULTRY,2003,4.864,457.0
VNM,POULTRY,2004,4.514,428.0
VNM,POULTRY,2005,4.191,401.0
VNM,POULTRY,2006,4.908,474.0
VNM,POULTRY,2007,6.371,621.0
VNM,POULTRY,2008,7.947,782.0
VNM,POULTRY,2009,9.157,910.0
VNM,POULTRY,2010,10.866,1091.0
VNM,POULTRY,2011,15.468,1570.0
VNM,POULTRY,2012,12.245,1257.0
VNM,POULTRY,2013,11.893,1235.0
VNM,POULTRY,2014,12.368,1299.0
VNM,POULTRY,2015,13.758,1461.0
VNM,POULTRY,2016,13.231,1420.0
VNM,POULTRY,2017,13.694,1484.737
VNM,POULTRY,2018,14.026,1535.833
VNM,POULTRY,2019,14.429,1594.899
VNM,POULTRY,2020,14.747,1644.865
VNM,POULTRY,2021,15.079,1696.555
VNM,POULTRY,2022,15.523,1761.039
VNM,POULTRY,2023,15.929,1821.363
VNM,POULTRY,2024,16.351,1883.606
VNM,POULTRY,2025,16.766,1945.073
VNM,POULTRY,2026,17.222,2011.453
VNM,SHEEP,1990,0.039,3.0
VNM,SHEEP,1991,0.025,2.0
VNM,SHEEP,1992,0.025,2.0
VNM,SHEEP,1993,0.036,3.0
VNM,SHEEP,1994,0.036,3.0
VNM,SHEEP,1995,0.047,4.0
VNM,SHEEP,1996,0.058,5.0
VNM,SHEEP,1997,0.057,5.0
VNM,SHEEP,1998,0.056,5.0
VNM,SHEEP,1999,0.055,5.0
VNM,SHEEP,2000,0.055,5.0
VNM,SHEEP,2001,0.054,5.0
VNM,SHEEP,2002,0.054,5.0
VNM,SHEEP,2003,0.064,6.0
VNM,SHEEP,2004,0.084,8.0
VNM,SHEEP,2005,0.094,9.0
VNM,SHEEP,2006,0.114,11.0
VNM,SHEEP,2007,0.133,13.0
VNM,SHEEP,2008,0.112,11.0
VNM,SHEEP,2009,0.141,14.0
VNM,SHEEP,2010,0.169,17.0
VNM,SHEEP,2011,0.128,13.0
VNM,SHEEP,2012,0.117,12.0
VNM,SHEEP,2013,0.135,14.0
VNM,SHEEP,2014,0.124,13.0
VNM,SHEEP,2015,0.113,12.0
VNM,SHEEP,2016,0.112,12.0
VNM,SHEEP,2017,0.114,12.328
VNM,SHEEP,2018,0.118,12.892
VNM,SHEEP,2019,0.121,13.361
VNM,SHEEP,2020,0.124,13.798
VNM,SHEEP,2021,0.127,14.276
VNM,SHEEP,2022,0.131,14.816
VNM,SHEEP,2023,0.134,15.317
VNM,SHEEP,2024,0.137,15.816
VNM,SHEEP,2025,0.141,16.321
VNM,SHEEP,2026,0.145,16.88
ZAF,BEEF,1990,13.679,719.0
ZAF,BEEF,1991,13.761,741.0
ZAF,BEEF,1992,13.005,718.0
ZAF,BEEF,1993,11.714,663.0
ZAF,BEEF,1994,10.131,587.0
ZAF,BEEF,1995,9.986,591.0
ZAF,BEEF,1996,9.502,573.0
ZAF,BEEF,1997,9.133,560.0
ZAF,BEEF,1998,8.994,560.0
ZAF,BEEF,1999,10.619,671.0
ZAF,BEEF,2000,8.653,555.0
ZAF,BEEF,2001,9.414,613.0
ZAF,BEEF,2002,9.319,616.0
ZAF,BEEF,2003,9.15,614.0
ZAF,BEEF,2004,9.736,663.0
ZAF,BEEF,2005,10.496,725.0
ZAF,BEEF,2006,11.722,821.0
ZAF,BEEF,2007,11.607,824.0
ZAF,BEEF,2008,10.914,785.0
ZAF,BEEF,2009,10.653,776.0
ZAF,BEEF,2010,11.486,847.0
ZAF,BEEF,2011,11.136,831.0
ZAF,BEEF,2012,11.168,843.0
ZAF,BEEF,2013,11.008,840.0
ZAF,BEEF,2014,10.96,845.0
ZAF,BEEF,2015,10.316,803.0
ZAF,BEEF,2016,10.873,854.0
ZAF,BEEF,2017,10.978,869.371
ZAF,BEEF,2018,10.841,865.203
ZAF,BEEF,2019,10.807,868.785
ZAF,BEEF,2020,10.814,875.451
ZAF,BEEF,2021,10.858,884.857
ZAF,BEEF,2022,10.916,895.288
ZAF,BEEF,2023,10.957,904.078
ZAF,BEEF,2024,11.012,914.045
ZAF,BEEF,2025,11.05,922.482
ZAF,BEEF,2026,11.087,930.711
ZAF,PIG,1990,2.777,131.0
ZAF,PIG,1991,2.338,113.0
ZAF,PIG,1992,2.604,129.0
ZAF,PIG,1993,2.402,122.0
ZAF,PIG,1994,2.365,123.0
ZAF,PIG,1995,2.598,138.0
ZAF,PIG,1996,2.495,135.0
ZAF,PIG,1997,2.362,130.0
ZAF,PIG,1998,2.219,124.0
ZAF,PIG,1999,2.345,133.0
ZAF,PIG,2000,1.998,115.0
ZAF,PIG,2001,2.036,119.0
ZAF,PIG,2002,1.989,118.0
ZAF,PIG,2003,2.607,157.0
ZAF,PIG,2004,2.831,173.0
ZAF,PIG,2005,2.613,162.0
ZAF,PIG,2006,2.832,178.0
ZAF,PIG,2007,3.987,254.0
ZAF,PIG,2008,4.895,316.0
ZAF,PIG,2009,5.262,344.0
ZAF,PIG,2010,3.536,234.0
ZAF,PIG,2011,3.614,242.0
ZAF,PIG,2012,3.617,245.0
ZAF,PIG,2013,3.505,240.0
ZAF,PIG,2014,3.252,225.0
ZAF,PIG,2015,3.607,252.0
ZAF,PIG,2016,3.448,243.0
ZAF,PIG,2017,3.418,242.946
ZAF,PIG,2018,3.36,240.681
ZAF,PIG,2019,3.343,241.182
ZAF,PIG,2020,3.355,243.725
ZAF,PIG,2021,3.365,246.137
ZAF,PIG,2022,3.345,246.165
ZAF,PIG,2023,3.348,247.902
ZAF,PIG,2024,3.367,250.779
ZAF,PIG,2025,3.388,253.821
ZAF,PIG,2026,3.399,256.102
ZAF,POULTRY,1990,13.298,556.0
ZAF,POULTRY,1991,12.257,525.0
ZAF,POULTRY,1992,12.205,536.0
ZAF,POULTRY,1993,12.127,546.0
ZAF,POULTRY,1994,13.647,629.0
ZAF,POULTRY,1995,15.061,709.0
ZAF,POULTRY,1996,14.802,710.0
ZAF,POULTRY,1997,15.992,780.0
ZAF,POULTRY,1998,14.659,726.0
ZAF,POULTRY,1999,15.915,800.0
ZAF,POULTRY,2000,17.621,899.0
ZAF,POULTRY,2001,18.535,960.0
ZAF,POULTRY,2002,19.189,1009.0
ZAF,POULTRY,2003,19.709,1052.0
ZAF,POULTRY,2004,20.086,1088.0
ZAF,POULTRY,2005,21.202,1165.0
ZAF,POULTRY,2006,22.723,1266.0
ZAF,POULTRY,2007,24.88,1405.0
ZAF,POULTRY,2008,27.143,1553.0
ZAF,POULTRY,2009,27.716,1606.0
ZAF,POULTRY,2010,29.423,1726.0
ZAF,POULTRY,2011,30.862,1832.0
ZAF,POULTRY,2012,31.494,1891.0
ZAF,POULTRY,2013,30.79,1869.0
ZAF,POULTRY,2014,30.377,1863.0
ZAF,POULTRY,2015,31.831,1971.0
ZAF,POULTRY,2016,33.021,2063.0
ZAF,POULTRY,2017,32.786,2065.383
ZAF,POULTRY,2018,32.55,2066.428
ZAF,POULTRY,2019,32.722,2092.578
ZAF,POULTRY,2020,32.874,2116.96
ZAF,POULTRY,2021,32.999,2139.155
ZAF,POULTRY,2022,33.177,2164.431
ZAF,POULTRY,2023,33.366,2190.071
ZAF,POULTRY,2024,33.576,2216.827
ZAF,POULTRY,2025,33.78,2243.138
ZAF,POULTRY,2026,33.956,2267.526
ZAF,SHEEP,1990,4.042,169.0
ZAF,SHEEP,1991,3.946,169.0
ZAF,SHEEP,1992,4.076,179.0
ZAF,SHEEP,1993,3.665,165.0
ZAF,SHEEP,1994,4.253,196.0
ZAF,SHEEP,1995,3.314,156.0
ZAF,SHEEP,1996,3.44,165.0
ZAF,SHEEP,1997,3.362,164.0
ZAF,SHEEP,1998,3.271,162.0
ZAF,SHEEP,1999,3.72,187.0
ZAF,SHEEP,2000,4.057,207.0
ZAF,SHEEP,2001,3.359,174.0
ZAF,SHEEP,2002,3.29,173.0
ZAF,SHEEP,2003,3.166,169.0
ZAF,SHEEP,2004,3.194,173.0
ZAF,SHEEP,2005,3.185,175.0
ZAF,SHEEP,2006,3.356,187.0
ZAF,SHEEP,2007,2.886,163.0
ZAF,SHEEP,2008,3.443,197.0
ZAF,SHEEP,2009,3.348,194.0
ZAF,SHEEP,2010,3.137,184.0
ZAF,SHEEP,2011,2.914,173.0
ZAF,SHEEP,2012,3.048,183.0
ZAF,SHEEP,2013,3.031,184.0
ZAF,SHEEP,2014,3.082,189.0
ZAF,SHEEP,2015,3.101,192.0
ZAF,SHEEP,2016,3.025,189.0
ZAF,SHEEP,2017,2.987,188.176
ZAF,SHEEP,2018,2.983,189.375
ZAF,SHEEP,2019,2.98,190.593
ZAF,SHEEP,2020,2.981,191.956
ZAF,SHEEP,2021,2.988,193.703
ZAF,SHEEP,2022,2.995,195.376
ZAF,SHEEP,2023,3.005,197.231
ZAF,SHEEP,2024,3.015,199.078
ZAF,SHEEP,2025,3.028,201.093
ZAF,SHEEP,2026,3.043,203.206
ZMB,BEEF,1990,3.095,36.0
ZMB,BEEF,1991,3.098,37.0
ZMB,BEEF,1992,3.101,38.0
ZMB,BEEF,1993,3.343,42.0
ZMB,BEEF,1994,3.338,43.0
ZMB,BEEF,1995,2.875,38.0
ZMB,BEEF,1996,2.947,40.0
ZMB,BEEF,1997,3.011,42.0
ZMB,BEEF,1998,2.79,40.0
ZMB,BEEF,1999,3.123,46.0
ZMB,BEEF,2000,2.711,41.0
ZMB,BEEF,2001,2.642,41.0
ZMB,BEEF,2002,3.707,59.0
ZMB,BEEF,2003,3.615,59.0
ZMB,BEEF,2004,3.343,56.0
ZMB,BEEF,2005,3.429,59.0
ZMB,BEEF,2006,3.279,58.0
ZMB,BEEF,2007,3.187,58.0
ZMB,BEEF,2008,4.163,78.0
ZMB,BEEF,2009,6.322,122.0
ZMB,BEEF,2010,7.746,154.0
ZMB,BEEF,2011,7.564,155.0
ZMB,BEEF,2012,7.622,161.0
ZMB,BEEF,2013,9.091,198.0
ZMB,BEEF,2014,9.039,203.0
ZMB,BEEF,2015,9.154,212.0
ZMB,BEEF,2016,9.045,216.0
ZMB,BEEF,2017,9.043,222.695
ZMB,BEEF,2018,8.994,228.345
ZMB,BEEF,2019,8.925,233.604
ZMB,BEEF,2020,8.881,239.566
ZMB,BEEF,2021,8.947,248.685
ZMB,BEEF,2022,9.095,260.415
ZMB,BEEF,2023,9.249,272.766
ZMB,BEEF,2024,9.384,285.008
ZMB,BEEF,2025,9.5,297.105
ZMB,BEEF,2026,9.6,309.156
ZMB,PIG,1990,0.862,9.0
ZMB,PIG,1991,0.933,10.0
ZMB,PIG,1992,0.818,9.0
ZMB,PIG,1993,0.887,10.0
ZMB,PIG,1994,0.865,10.0
ZMB,PIG,1995,0.843,10.0
ZMB,PIG,1996,0.821,10.0
ZMB,PIG,1997,0.799,10.0
ZMB,PIG,1998,0.777,10.0
ZMB,PIG,1999,0.832,11.0
ZMB,PIG,2000,0.737,10.0
ZMB,PIG,2001,0.79,11.0
ZMB,PIG,2002,0.63,9.0
ZMB,PIG,2003,0.614,9.0
ZMB,PIG,2004,0.599,9.0
ZMB,PIG,2005,0.648,10.0
ZMB,PIG,2006,0.819,13.0
ZMB,PIG,2007,1.102,18.0
ZMB,PIG,2008,1.368,23.0
ZMB,PIG,2009,1.328,23.0
ZMB,PIG,2010,1.289,23.0
ZMB,PIG,2011,1.414,26.0
ZMB,PIG,2012,2.532,48.0
ZMB,PIG,2013,1.791,35.0
ZMB,PIG,2014,1.637,33.0
ZMB,PIG,2015,1.54,32.0
ZMB,PIG,2016,1.493,32.0
ZMB,PIG,2017,1.46,32.264
ZMB,PIG,2018,1.462,33.314
ZMB,PIG,2019,1.478,34.706
ZMB,PIG,2020,1.497,36.248
ZMB,PIG,2021,1.518,37.856
ZMB,PIG,2022,1.537,39.49
ZMB,PIG,2023,1.557,41.214
ZMB,PIG,2024,1.579,43.025
ZMB,PIG,2025,1.6,44.919
ZMB,PIG,2026,1.623,46.898
ZMB,POULTRY,1990,2.053,19.0
ZMB,POULTRY,1991,2.21,21.0
ZMB,POULTRY,1992,2.36,23.0
ZMB,POULTRY,1993,2.502,25.0
ZMB,POULTRY,1994,2.342,24.0
ZMB,POULTRY,1995,2.377,25.0
ZMB,POULTRY,1996,2.593,28.0
ZMB,POULTRY,1997,2.704,30.0
ZMB,POULTRY,1998,2.806,32.0
ZMB,POULTRY,1999,2.902,34.0
ZMB,POULTRY,2000,2.91,35.0
ZMB,POULTRY,2001,2.998,37.0
ZMB,POULTRY,2002,3.002,38.0
ZMB,POULTRY,2003,2.927,38.0
ZMB,POULTRY,2004,2.852,38.0
ZMB,POULTRY,2005,2.85,39.0
ZMB,POULTRY,2006,2.559,36.0
ZMB,POULTRY,2007,2.487,36.0
ZMB,POULTRY,2008,2.55,38.0
ZMB,POULTRY,2009,2.606,40.0
ZMB,POULTRY,2010,2.719,43.0
ZMB,POULTRY,2011,2.699,44.0
ZMB,POULTRY,2012,2.678,45.0
ZMB,POULTRY,2013,2.771,48.0
ZMB,POULTRY,2014,2.743,49.0
ZMB,POULTRY,2015,2.714,50.0
ZMB,POULTRY,2016,2.632,50.0
ZMB,POULTRY,2017,2.614,51.196
ZMB,POULTRY,2018,2.6,52.503
ZMB,POULTRY,2019,2.602,54.176
ZMB,POULTRY,2020,2.613,56.061
ZMB,POULTRY,2021,2.626,58.068
ZMB,POULTRY,2022,2.643,60.203
ZMB,POULTRY,2023,2.664,62.492
ZMB,POULTRY,2024,2.692,65.023
ZMB,POULTRY,2025,2.721,67.686
ZMB,POULTRY,2026,2.753,70.515
ZMB,SHEEP,1990,0.216,2.0
ZMB,SHEEP,1991,0.21,2.0
ZMB,SHEEP,1992,0.205,2.0
ZMB,SHEEP,1993,0.2,2.0
ZMB,SHEEP,1994,0.293,3.0
ZMB,SHEEP,1995,0.285,3.0
ZMB,SHEEP,1996,0.278,3.0
ZMB,SHEEP,1997,0.27,3.0
ZMB,SHEEP,1998,0.351,4.0
ZMB,SHEEP,1999,0.341,4.0
ZMB,SHEEP,2000,0.416,5.0
ZMB,SHEEP,2001,0.405,5.0
ZMB,SHEEP,2002,0.474,6.0
ZMB,SHEEP,2003,0.539,7.0
ZMB,SHEEP,2004,0.6,8.0
ZMB,SHEEP,2005,0.585,8.0
ZMB,SHEEP,2006,0.569,8.0
ZMB,SHEEP,2007,0.553,8.0
ZMB,SHEEP,2008,0.537,8.0
ZMB,SHEEP,2009,0.586,9.0
ZMB,SHEEP,2010,0.569,9.0
ZMB,SHEEP,2011,0.614,10.0
ZMB,SHEEP,2012,0.595,10.0
ZMB,SHEEP,2013,0.577,10.0
ZMB,SHEEP,2014,0.56,10.0
ZMB,SHEEP,2015,0.543,10.0
ZMB,SHEEP,2016,0.526,10.0
ZMB,SHEEP,2017,0.522,10.219
ZMB,SHEEP,2018,0.522,10.538
ZMB,SHEEP,2019,0.525,10.928
ZMB,SHEEP,2020,0.53,11.38
ZMB,SHEEP,2021,0.535,11.838
ZMB,SHEEP,2022,0.541,12.314
ZMB,SHEEP,2023,0.546,12.808
ZMB,SHEEP,2024,0.552,13.33
ZMB,SHEEP,2025,0.558,13.88
ZMB,SHEEP,2026,0.565,14.463
